level_0,index,Current Price,Original Price,Rating,Number OF Ratings,Battery Life (Days),Display Size,Weight,index,Discount Price,index,Brand,Model Name,Dial Shape,Strap Color,Strap Material,Touchscreen,Bluetooth
0,0,2.3029419137748097,3.4959754664866876,-0.11090706076533316,-0.931909255439708,-0.9081103978955791,0.03229291626441989,0.12840321984458436,0,1.365802278732134,0,noise,Wrb-sw-colorfitpro4alpha-std-rgld_pnk,,,,,Yes
1,1,-0.9128149167060243,-0.17806715055755745,-0.4938300674407658,1.4006786829172857,-0.9081103978955791,0.10723269893455438,0.12840321984458436,1,0.9043720352545771,2,boat,Wave Call,,,Silicon,Yes,Yes
2,2,-1.105422360020416,-0.889801826687706,0.08791834654691033,1.153229923374942,-0.9081103978955791,0.10723269893455438,0.12840321984458436,2,-0.39657003299084037,4,noise,Wrb-sw-colorfitpulsegobuzz-std-blk_blk,,,Other,Yes,Yes
3,3,-1.1611290989263314,-1.2285232096363332,-0.11090706076533316,1.6373498265777644,-0.9081103978955791,0.10723269893455438,0.12840321984458436,3,-0.8484603692869624,5,noise,NSW-05,,,Other,Yes,Yes
4,4,-0.9128149167060243,-0.889801826687706,0.08791834654691033,-0.06825960850282767,-0.0575814147963505,-0.12664537171522358,0.12840321984458436,4,-0.5974101824849946,6,noise,,,,,,Yes
5,5,-1.0037573590379776,-1.2285232096363332,-0.11090706076533316,1.6373498265777644,-0.9081103978955791,0.10723269893455438,0.12840321984458436,5,-0.999090481431528,7,noise,wrb-sw-colorfitgrand-std-rpnk_rpnk,,,Other,Yes,Yes
6,6,-0.9128149167060243,-0.4915452516115526,0.08791834654691033,1.7494667873683711,-0.9081103978955791,0.17944678651823487,0.12840321984458436,6,0.15574037822774214,8,noise,Wrb-sw-colorfitultrase-std-gld_brn,,,Other,Yes,Yes
7,7,-0.9128149167060243,-0.6130463054329827,0.08791834654691033,1.7494667873683711,-0.9081103978955791,0.17944678651823487,0.12840321984458436,7,-0.09530980873168379,9,noise,Wrb-sw-colorfitultra-std-gry_blk,,,Other,Yes,Yes
8,8,-0.9128149167060243,-0.6130463054329827,0.08791834654691033,0.909502354926192,-0.9081103978955791,0.24912651695036003,0.12840321984458436,8,-0.09530980873168379,10,noise,Wrb-sw-colorfitpulse2max-std-blk_blk,,,Other,Yes,Yes
9,9,-1.0037573590379776,-1.2285232096363332,-0.11090706076533316,1.6373498265777644,-0.9081103978955791,0.10723269893455438,0.12840321984458436,9,-0.999090481431528,11,noise,wrb-sw-colorfitgrand-std-grn_grn,,,Other,Yes,Yes
10,10,-0.35879560819823164,-0.17635849233466586,-0.4938300674407658,-0.3025780058518146,-0.9081103978955791,0.03229291626441989,0.12840321984458436,10,0.0051102659976689285,12,noise,Wrb-sw-colorfitpro4alpha-std-blk_blk,,,,,Yes
11,11,-0.4297798232973144,-0.6130463054329827,-0.4938300674407658,-0.5266040930483774,-0.9081103978955791,0.03229291626441989,0.12840321984458436,11,-0.8484603693038327,13,noise,Wrb-sw-force-std-blk_blk,,,,,Yes
12,12,-0.9128149167060243,-0.6130463054329827,0.08791834654691033,0.9277912412412983,-0.0575814147963505,0.17944678651823487,0.12840321984458436,12,-0.09530980873168379,14,noise,wrb-sw-colorfitultrabuzz-std-ogrn_ogrn,,,Other,Yes,Yes
13,13,-1.1611290989263314,-0.889801826687706,-0.11090706076533316,2.2856632527487,-1.5080945346658152,-0.21115465993653615,-1.0535651273923607,13,-0.34635999561730174,15,noise,wrb-sw-colorfitpro2-std-blk,,,Polycarbonate,Yes,Yes
14,14,-1.0037573590379776,-0.889801826687706,0.08791834654691033,1.153229923374942,-0.9081103978955791,0.10723269893455438,0.12840321984458436,14,-0.4969901077379176,16,noise,Wrb-sw-colorfitpulsegobuzz-std-gry_gry,,,Other,Yes,Yes
15,15,-0.9128149167060243,-0.6130463054329827,0.08791834654691033,0.909502354926192,-0.9081103978955791,0.24912651695036003,0.12840321984458436,15,-0.09530980873168379,17,noise,Wrb-sw-colorfitpulse2max-std-blu_blu,,,Other,Yes,Yes
16,16,-0.9128149167060243,-0.6130463054329827,0.08791834654691033,0.9277912412412983,-0.0575814147963505,0.17944678651823487,0.12840321984458436,16,-0.09530980873168379,18,noise,wrb-sw-colorfitultrabuzz-std-blk_blk,,,Other,Yes,Yes
17,17,-0.7202074733916327,-0.6130463054329827,-1.0313950575812767,-0.5934075275373075,-0.0575814147963505,-0.21115465993653615,0.12840321984458436,17,-0.34635999548866336,19,noise,,,,,,Yes
18,18,-1.0037573590379776,-1.2285232096363332,-0.11090706076533316,1.6373498265777644,-0.9081103978955791,0.10723269893455438,0.12840321984458436,18,-0.999090481431528,20,noise,wrb-sw-colorfitgrand-std-blu_blu,,,Other,Yes,Yes
19,19,-0.5628357335032798,-0.6130463054329827,0.08791834654691033,0.7071156683064848,-0.0575814147963505,0.10723269893455438,0.12840321984458436,19,-0.5974101825468534,21,noise,Wrb-sw-colorfitpro4-std-slvr_org,,,Other,Yes,Yes
20,20,-0.653778175835233,-0.17806715055755745,0.2916530231755063,2.1161769492501525,-0.9081103978955791,0.10723269893455438,1.1857675867756774,20,0.5529017735963251,22,boat,,,,Silicon,Yes,Yes
21,21,-0.7202074733916327,-0.17806715055755745,0.2916530231755063,2.1161769492501525,-0.9081103978955791,0.03229291626441989,1.1857675867756774,21,0.6533218486996926,23,boat,8.90E+12,,,Silicon,Yes,Yes
22,22,-1.353736542240723,-0.3810057556439174,-0.11090706076533316,1.541614582291543,-0.9081103978955791,-0.21115465993653615,1.1857675867756774,22,0.8039519607251101,25,boat,Watch Flash,,,Silicon,Yes,Yes
23,23,-1.0037573590379776,-0.3810057556439174,-0.3048231987612255,0.3790563446947613,-0.9081103978955791,0.17944678651823487,0.12840321984458436,23,0.5026917363805464,26,boat,Watch Blaze,,,Metal,Yes,Yes
24,24,-0.6863539237778077,-0.17806715055755745,0.2916530231755063,2.1161769492501525,-0.9081103978955791,0.03229291626441989,1.724585245413122,24,0.6031118111480088,28,boat,8.90E+12,,,Silicon,Yes,Yes
25,25,-0.9128149167060243,-0.17806715055755745,-0.8571159968507912,-0.14866064394774922,-0.9081103978955791,0.03229291626441989,0.12840321984458436,25,0.9043720352545771,29,boat,,,,,,Yes
26,26,-0.9128149167060243,-0.17806715055755745,-0.8571159968507912,-0.14866064394774922,-0.9081103978955791,0.03229291626441989,1.724585245413122,26,0.9043720352545771,30,boat,,,,,,Yes
27,27,-1.0037573590379776,-0.889801826687706,-0.11090706076533316,2.1011191292998777,-0.0575814147963505,0.17944678651823487,0.12840321984458436,27,-0.4969901077379176,32,noise,Wrb-sw-colorfitpulse2-std-blu_blu,,,Other,Yes,Yes
28,28,-1.0530939223792886,-0.3810057556439174,-0.3048231987612255,1.4453562639162458,-0.9081103978955791,0.10723269893455438,0.12840321984458436,28,0.5529017735958228,33,boat,Wave Lite,,,Stainless Steel,Yes,Yes
29,29,-1.0037573590379776,-0.889801826687706,0.08791834654691033,1.153229923374942,-0.9081103978955791,0.10723269893455438,0.12840321984458436,29,-0.4969901077379176,34,noise,wrb-sw-colorfitpulsegobuzz-std-grn_grn,,,Other,Yes,Yes
30,30,-1.1903913883995736,-0.6153249440692979,-0.3048231987612255,0.5160646430285717,-0.0575814147963505,0.10723269893455438,0.12840321984458436,30,0.17632649331888695,36,boat,,,,,,Yes
31,31,-0.957088973621284,-0.4915452516115526,-0.677927666803954,-0.47655321040616616,-0.9081103978955791,0.10723269893455438,0.12840321984458436,31,0.20595041556020918,37,boat,,,,,Yes,Yes
32,32,-0.8305474707241473,-0.17635849233466586,0.08791834654691033,-0.14728065619363725,-0.0575814147963505,0.17944678651823487,1.724585245413122,32,0.8084708638787365,38,boat,BoAt Wave Call Plus,,,,Yes,Yes
33,33,0.5970154588369064,1.1366668070606762,-0.3048231987612255,-0.40525814929255033,-0.2944902580169287,-0.12664537171522358,0.12840321984458436,33,1.662041499144087,39,honor,MUS-B19,,,,Yes,Yes
34,34,-0.8305474707241473,-2.383519594649633,0.08791834654691033,-0.6614255488781513,-1.5217305377742296,-0.045586420693394754,-1.9071671037976627,34,-2.269906527386039,40,honor,ARG-B39-cr,,,,Yes,Yes
35,35,-0.5628357335032798,0.16236289061396134,0.500296969120453,-0.22540899000113418,-0.2944902580169287,0.17944678651823487,-1.0535651273923607,35,1.4109913124811513,43,crossbeats,Grit,,,,Yes,Yes
36,36,0.3854368151225187,0.777839794817312,0.713850184381753,0.8492527558945719,-0.0575814147963505,-0.12664537171522358,0.12840321984458436,36,0.9088909384096593,44,honor,,,,,,Yes
37,37,0.03545763191977257,0.777839794817312,0.500296969120453,-0.07682921347937507,-0.9081103978955791,-0.12664537171522358,-1.0535651273923607,37,2.415192060213164,45,crossbeats,Infinti 2.0,,,,Yes,Yes
38,38,-0.31452155128297205,-0.17635849233466586,0.500296969120453,0.6507785035425697,-1.5080945346658152,1.4835932619160823,-1.0535651273923607,38,-0.09480770836683186,49,samsung,,,,,,Yes
39,39,0.983730180545571,1.2138443754078494,0.500296969120453,0.6507785035425697,-1.5080945346658152,1.4835932619160823,-1.0535651273923607,39,-1.1040294595754987,50,samsung,,,,,,Yes
40,40,0.9339365318567753,1.3927093964241046,0.500296969120453,-0.4928879914618816,1.0009300372824443,-0.21115465993653615,0.12840321984458436,40,0.657840751575808,52,garmin,GM-010-02427-80,,,Silicon,Yes,Yes
41,41,1.3648227857360886,2.1273233097102775,0.9323126689594028,0.5611824395049502,-0.0575814147963505,0.03229291626441989,-1.9071671037976627,41,2.1641418739639087,53,garmin,,,,,,
42,42,-0.31452155128297205,-0.17635849233466586,-0.677927666803954,-1.3227011188173632,1.0009300372824443,5.299676112416332,0.12840321984458436,42,-0.09480770836683186,54,garmin,,,,,Yes,Yes
43,43,1.0299896062619698,1.7247885964580074,0.500296969120453,-1.175434411240161,-0.0575814147963505,0.03229291626441989,-1.9071671037976627,43,2.415192060523814,55,garmin,,,,,,
44,44,-0.31452155128297205,-0.17635849233466586,2.098264131592931,-1.4165513337766582,1.0009300372824443,5.299676112416332,0.12840321984458436,44,-0.09480770836683186,56,garmin,,,,,Yes,Yes
45,45,-0.31452155128297205,-0.17635849233466586,-0.4938300674407658,-1.0491902678741054,-0.9081103978955791,4.953724305291423,1.724585245413122,45,-0.09480770836683186,58,garmin,7.54E+11,,,Stainless Steel,Yes,Yes
46,46,1.116416087943287,1.6122586468214803,0.500296969120453,-0.7619005393889334,-0.0575814147963505,0.03229291626441989,-1.9071671037976627,46,0.40679056548134945,59,garmin,,,,,,
47,47,1.0299896062619698,1.2513432641857016,-1.0313950575812767,-1.3074428680453707,-0.0575814147963505,0.03229291626441989,0.2032857410772,47,-1.3505607430502646,60,garmin,,,,,,
48,48,0.09129922823886757,0.4391184118686848,0.9323126689594028,-0.9957593601848977,-0.9081103978955791,-1.0599168007780102,1.724585245413122,48,0.7075486887660538,64,huawei,Leia-B19,,,,,Yes
49,49,-0.35879560819823164,-0.17635849233466586,-0.4938300674407658,-0.3025780058518146,-0.9081103978955791,0.03229291626441989,0.12840321984458436,49,0.0051102659976689285,65,noise,Wrb-sw-colorfitpro4alpha-std-slvr_gry,,,,,Yes
50,50,-0.8596744800668259,-0.6130463054329827,-0.677927666803954,-1.1840836343214993,-0.9081103978955791,0.24912651695036003,-1.0535651273923607,50,-0.1590765560986782,66,dizo,,,,,Yes,Yes
51,51,-0.5628357335032798,-2.5544105744168553,-0.11090706076533316,-1.395928386311097,-0.0575814147963505,0.03229291626441989,1.724585245413122,51,-2.7715048007701295,68,dizo,,,,,,Yes
52,52,-0.31452155128297205,-0.17635849233466586,-2.624452950737403,-1.3074428680453707,-0.0575814147963505,0.03229291626441989,1.724585245413122,52,-0.09480770836683186,69,dizo,,,,,,Yes
53,53,-0.31452155128297205,-0.17635849233466586,0.500296969120453,1.746339421048206,-1.5217305377742296,-0.21115465993653615,0.12840321984458436,53,-0.09480770836683186,71,fire-boltt,BSW049,,,Silicon,Yes,Yes
54,54,-0.25209761994541374,-0.37905284630748465,-2.5041758524867865,-1.395928386311097,-0.9081103978955791,0.03229291626441989,1.724585245413122,54,-0.7480402946929755,72,dizo,,,,,,Yes
55,55,-1.28464728920086,0.16236289061396134,0.2916530231755063,1.4986479281812892,-0.9081103978955791,0.10723269893455438,0.12840321984458436,55,2.2645619478372807,73,fire-boltt,BSW030,,,Silicon,Yes,Yes
56,56,-1.0037573590379776,0.16236289061396134,0.2916530231755063,1.6500558546526471,-0.9081103978955791,-0.21115465993653615,1.1857675867756774,56,2.013511760967831,74,fire-boltt,BSW042,,,Silicon,Yes,Yes
57,57,-1.0037573590379776,-0.889801826687706,0.08791834654691033,1.153229923374942,-0.9081103978955791,0.10723269893455438,0.12840321984458436,57,-0.4969901077379176,75,noise,wrb-sw-colorfitpulsegobuzz-std-rgld_pnk,,,Other,Yes,Yes
58,58,-1.0530939223792886,-0.7451254704933742,-2.2488938480364977,-1.2669681672073931,-0.0575814147963505,0.03229291626441989,1.724585245413122,58,-0.19572988344808273,76,gizmore,,,,,,Yes
59,59,-1.105422360020416,-0.6130463054329827,0.500296969120453,-1.0545738627227002,-0.2944902580169287,0.10723269893455438,1.724585245413122,59,0.10553034067389981,77,gizmore,GIZFIT 908 Pro_Black,,,,Yes,Yes
60,60,-1.1611290989263314,-0.6130463054329827,0.08791834654691033,-0.14728065619363725,-0.0575814147963505,0.03229291626441989,1.724585245413122,60,0.15574037802529578,78,gizmore,Gizmore Ultra smartwatch-cr,,,,,Yes
61,61,-1.0530939223792886,-0.17635849233466586,-3.0564686505763525,-1.3390566214208586,-0.0575814147963505,0.10723269893455438,1.1857675867756774,61,1.059521050842079,79,gizmore,,,,,Yes,Yes
62,62,-0.4805682875214019,-0.6130463054329827,-0.11090706076533316,-0.820419647060368,-0.9081103978955791,-0.21115465993653615,1.724585245413122,62,-0.748040294601041,80,gizmore,Gizfit 910,,,,Yes,Yes
63,63,-1.1611290989263314,-0.6130463054329827,-1.8291513214884276,-1.395928386311097,-0.0575814147963505,0.03229291626441989,1.724585245413122,63,0.15574037802529578,81,gizmore,,,,,,Yes
64,64,-0.4805682875214019,-0.6130463054329827,-0.11090706076533316,-0.820419647060368,-0.2944902580169287,-0.21115465993653615,1.724585245413122,64,-0.748040294601041,82,gizmore,910,,,Plastic,Yes,Yes
65,65,-1.0530939223792886,-0.7451254704933742,-2.5041758524867865,-1.3756356591274255,-0.0575814147963505,0.03229291626441989,1.724585245413122,65,-0.19572988344808273,83,gizmore,Gizfit Blaze Smartwatch-cr,,,,,Yes
66,66,-0.7666648911792256,-1.0497341185312967,-1.0313950575812767,-0.5045230432063559,-0.2944902580169287,0.03229291626441989,0.12840321984458436,66,-1.033735407284368,84,ambrane,FitShot Curl,,,,,Yes
67,67,-0.8305474707241473,-0.889801826687706,-0.3048231987612255,-0.5560943628134809,-0.9081103978955791,0.03229291626441989,0.12840321984458436,67,-0.6978302572320715,85,ambrane,FitShot Sphere,,,,Yes,Yes
68,68,-1.0037573590379776,-2.1360115707436673,0.500296969120453,1.746339421048206,-1.5217305377742296,-0.21115465993653615,0.12840321984458436,68,-1.9028711542275245,86,fire-boltt,BSW049,,,Silicon,Yes,Yes
69,69,-0.9128149167060243,-0.17635849233466586,0.08791834654691033,1.6428843365570043,-0.9081103978955791,0.10723269893455438,0.12840321984458436,69,0.9088909386640729,87,fire-boltt,BSW024,,,Silicon,Yes,Yes
70,70,-1.0037573590379776,-0.4915452516115526,-0.4938300674407658,0.23894856319951907,-1.5217305377742296,1.4464768810990254,0.12840321984458436,70,0.25616045289267625,88,zebronics,ZEB-DRIP,,,,Yes,Yes
71,71,-1.0037573590379776,-1.2285232096363332,-0.11090706076533316,1.6373498265777644,-0.9081103978955791,0.10723269893455438,0.12840321984458436,71,-0.999090481431528,89,noise,wrb-sw-colorfitgrand-std-cgry_cgry,,,Other,Yes,Yes
72,72,-0.5628357335032798,-0.37905284630748465,-0.4938300674407658,0.46861173663641315,-0.9081103978955791,0.17944678651823487,1.724585245413122,72,-0.09530980889205487,90,pebble,PFB22 Mint Green,,,,Yes,Yes
73,73,-0.21285655030053363,-0.2743249224843554,-0.8571159968507912,-0.8415087666787452,-0.2944902580169287,-0.21115465993653615,0.12840321984458436,73,-0.5974101826438591,91,pebble,PFB13 Charcoal Black,,,,Yes,Yes
74,74,-0.31452155128297205,-0.17635849233466586,-0.8571159968507912,-0.19831843988720554,-0.2944902580169287,-0.21115465993653615,1.1857675867756774,74,-0.09480770836683186,92,pebble,PFB16 Black Rock,,,,Yes,Yes
75,75,-0.25209761994541374,-0.2743249224843554,-0.8571159968507912,-0.9702244536380024,-0.0575814147963505,-0.39179445964763965,0.12840321984458436,75,-0.4969901078822714,93,pebble,PFB24,,,,Yes,Yes
76,76,-0.31452155128297205,0.4391184118686848,-0.3048231987612255,0.5054740151933992,-1.5080945346658152,0.24912651695036003,-1.0535651273923607,76,1.9130916865118213,94,crossbeats,S4 Max,,,,Yes,Yes
77,77,-0.31452155128297205,-0.17635849233466586,-0.3048231987612255,0.5054740151933992,-1.5080945346658152,0.24912651695036003,-1.0535651273923607,77,-0.09530980878766819,95,crossbeats,S4 Max,,,,Yes,Yes
78,78,-0.7202074733916327,0.16236289061396134,0.08791834654691033,0.32016733442993806,-0.9081103978955791,0.3164437622035174,1.724585245413122,78,1.6620414993506007,96,fire-boltt,BSW072,,,,Yes,Yes
79,79,-1.0037573590379776,-0.889801826687706,-0.8571159968507912,-0.3220220534724512,-0.0575814147963505,0.17944678651823487,1.724585245413122,79,-0.4969901077379176,97,hammer,,,,,,Yes
80,80,-0.8707014488320131,-0.17635849233466586,-0.4938300674407658,0.822113841943472,-0.9081103978955791,1.4835932619160823,1.724585245413122,80,0.8586809012714051,98,zebronics,ZEB-FIT7220CH (Metallic Silver),,,Metal,Yes,Yes
81,81,-0.9128149167060243,-1.2285232096363332,-0.4938300674407658,0.29911199594441934,-0.9081103978955791,1.1215630790191702,1.724585245413122,81,-1.099510556127642,99,zebronics,Zeb-Fit280CH(Blue),,,Other,Yes,Yes
82,82,-0.7376455386260484,-0.08433317669610095,-0.3048231987612255,-0.6214674170344437,-0.9081103978955791,0.03229291626441989,0.12840321984458436,82,0.9339959576065625,100,zebronics,,,,,Yes,Yes
83,83,-1.2206806320347583,-1.2285232096363332,-0.11090706076533316,-0.4939316487718049,-0.0575814147963505,1.4464768810990254,0.12840321984458436,83,-0.7982503320393003,101,zebronics,,,,,,Yes
84,84,-1.0037573590379776,-0.4915452516115526,-0.4938300674407658,0.23894856319951907,-1.5217305377742296,0.03229291626441989,0.12840321984458436,84,0.25616045289267625,102,zebronics,ZEB-DRIP (BLUE),,,,,Yes
85,85,-0.4297798232973144,0.3745149251499685,0.2916530231755063,-0.9827214434866295,-1.896720623255627,0.17944678651823487,1.1857675867756774,85,1.9130916864145149,103,zebronics,ZEB FIT 4 - BLACK (ICONIC ULTRA),,,,Yes,Yes
86,86,-0.4054639936149261,0.3070392468082932,-0.3048231987612255,0.11807654270596103,-0.9081103978955791,1.520028569648537,1.1857675867756774,86,1.611831461912492,104,zebronics,ZEB - COSMOS Lv1 - METALLIC BLACK,,,,Yes,Yes
87,87,-0.9128149167060243,-0.37905284630748465,-0.4938300674407658,0.23894856319951907,-1.5217305377742296,1.4464768810990254,0.12840321984458436,87,0.4067905650712846,105,zebronics,ZEB-DRIP (METAL SILVER),,,,Yes,Yes
88,88,-0.7554431768176707,-0.6130463054329827,-0.4938300674407658,0.49923865812395646,1.0009300372824443,1.4835932619160823,0.12840321984458436,88,-0.29614995813726763,106,zebronics,ZEB-FIT5220CH(Gold Metal),,,Other,Yes,Yes
89,89,-0.31452155128297205,-0.17635849233466586,-1.0313950575812767,-0.8255683275931492,-0.9081103978955791,1.4835932619160823,1.724585245413122,89,-0.09480770836683186,107,zebronics,ZEB-FIT7220CH (Metallic Silver)-cr,,,,Yes,Yes
90,90,-0.4054639936149261,0.3070392468082932,-0.3048231987612255,0.11807654270596103,-0.9081103978955791,1.520028569648537,1.1857675867756774,90,1.611831461912492,108,zebronics,ZEB - COSMOS Lv1 CLASSIC BLACK,,,,Yes,Yes
91,91,-1.28464728920086,-0.17635849233466586,0.2916530231755063,1.4986479281812892,-0.9081103978955791,0.10723269893455438,0.12840321984458436,91,1.2603612004127536,109,fire-boltt,BSW030,,,Silicon,Yes,Yes
92,92,-0.7202074733916327,0.4391184118686848,0.08791834654691033,0.20787955491065882,-0.9081103978955791,0.24912651695036003,1.724585245413122,92,2.6662422469112976,110,fire-boltt,BSW070,,,,Yes,Yes
93,93,-0.7202074733916327,0.16236289061396134,0.2916530231755063,1.4405722505411234,-1.5217305377742296,0.17944678651823487,1.1857675867756774,93,1.6620414993506007,112,fire-boltt,BSW043,,,Silicon,Yes,Yes
94,94,-1.0061583477107188,-0.17635849233466586,0.08791834654691033,1.6428843365570043,-0.9081103978955791,0.10723269893455438,0.12840321984458436,94,1.0118215151784737,114,fire-boltt,BSW024,,,Silicon,Yes,Yes
95,95,-0.4297798232973144,0.4391184118686848,0.08791834654691033,1.8172865923715706,-1.5217305377742296,0.24912651695036003,1.724585245413122,95,2.1641418729100006,115,fire-boltt,BSW005,,,Silicon,Yes,Yes
96,96,-0.957088973621284,0.0024305987703706826,-0.11090706076533316,1.2140500998647712,-0.9081103978955791,-0.21115465993653615,1.1857675867756774,96,1.4612013500830445,119,fire-boltt,BSW003,,,Silicon,Yes,Yes
97,97,-1.0037573590379776,0.4391184118686848,0.500296969120453,1.746339421048206,-1.5217305377742296,-0.12664537171522358,1.724585245413122,97,3.01771250823023,121,fire-boltt,BSW100,,,,Yes,Yes
98,98,1.4145515734813414,1.824986984331691,0.9323126689594028,-0.7081375289157634,1.0009300372824443,0.03229291626441989,-1.9071671037976627,98,-1.9781862103070125,122,apple,Watch SE GPS (2nd Gen),Rectangle,Midnight,Silicon,Yes,Yes
99,99,1.626440251414897,-0.17635849233466586,0.713850184381753,-0.931909255439708,1.0009300372824443,0.10723269893455438,-1.9071671037976627,99,-0.09480770836683186,123,apple,Watch SE GPS + Cellular (2nd Gen),Rectangle,Starlight Sport,Silicon,Yes,Yes
100,100,1.2083448521894982,1.4850086237055014,1.1556844228534042,1.960763880453895,1.0009300372824443,0.10723269893455438,0.2032857410772,100,-1.8270539977060112,124,apple,"Watch Series 3 (GPS, 42mm) - Space Grey Aluminium Case with Black Sport Band",Rectangle,Black,Silicon,Yes,Yes
101,101,1.530170012544134,-0.17635849233466586,1.1556844228534042,0.4523387721821378,1.0009300372824443,0.03229291626441989,-1.9071671037976627,101,-0.09480770836683186,125,apple,Watch SE GPS + Cellular,Rectangle,Pink,Silicon,Yes,Yes
102,102,2.3719743617556794,-0.17635849233466586,1.38396544606376,-0.9870047657201213,-1.5217305377742296,0.24912651695036003,1.724585245413122,102,-0.09480770836683186,126,apple,Watch Ultra GPS + Cellular,Rectangle,Orange Alpine,Fabric,Yes,Yes
103,103,1.9618663534813936,-0.17635849233466586,0.9323126689594028,-0.7513032399319592,1.0009300372824443,0.03229291626441989,-1.9071671037976627,103,-0.09480770836683186,127,apple,Watch Series 8 GPS + Cellular,Rectangle,Starlight Sport,Silicon,Yes,Yes
104,104,1.7694557576250824,2.442138241276211,1.1556844228534042,0.36590536008260344,1.0009300372824443,0.17944678651823487,-1.0535651273923607,104,-2.018354240082146,128,apple,"Watch Series7 (GPS, 45mm) - Green Aluminium Case with Clover Sport Band",Rectangle,Green,Aluminium,Yes,Yes
105,105,1.713042475163236,-0.17635849233466586,1.1556844228534042,0.36590536008260344,1.0009300372824443,0.03229291626441989,-1.9071671037976627,105,-0.09480770836683186,129,apple,"Watch Series7 (GPS, 41mm) - Green Aluminium Case with Clover Sport Band",Rectangle,Green,Aluminium,Yes,Yes
106,106,1.4217986847613386,-0.17635849233466586,1.1556844228534042,0.6756790671417585,1.0009300372824443,0.03229291626441989,-1.9071671037976627,106,-0.09480770836683186,130,apple,"Watch SE (GPS, 40mm) - Gold Aluminium Case with Starlight Sport Band - Regular",Rectangle,Gold,Silicon,Yes,Yes
107,107,1.859805591874864,2.6325236841575506,0.9323126689594028,0.09353503028491389,1.0009300372824443,0.03229291626441989,-1.9071671037976627,107,-1.4841194425283608,131,apple,"Watch Series7 (GPS + Cellular, 41mm)Blue Aluminium Case-Abyss Blue Sport Band",Rectangle,Blue,Aluminium,Yes,Yes
108,108,1.9304188262189117,-0.17635849233466586,0.9323126689594028,0.09353503028491389,1.0009300372824443,0.17944678651823487,-1.0535651273923607,108,-0.09480770836683186,132,apple,"Watch Series7 (GPS + Cellular, 45mm)Blue Aluminium Case-Abyss Blue Sport Band",Rectangle,Blue,Aluminium,Yes,Yes
109,109,1.8638626907769265,-0.17635849233466586,0.9323126689594028,0.044600194222524904,1.0009300372824443,0.03229291626441989,-1.0535651273923607,109,-0.09480770836683186,133,apple,Watch Series 6 GPS + Cellular,Rectangle,Black,Silicon,Yes,Yes
110,110,1.8463896771355972,-0.17635849233466586,0.500296969120453,-0.7008235689812828,1.0009300372824443,0.17944678651823487,-1.0535651273923607,110,-0.09480770836683186,134,apple,Watch Series 8 GPS,Rectangle,Starlight Sport,Silicon,Yes,Yes
111,111,1.4217986847613386,-0.17635849233466586,1.1556844228534042,0.6756790671417585,1.0009300372824443,0.03229291626441989,-1.9071671037976627,111,-0.09480770836683186,135,apple,"Watch SE(GPS, 40mm) - Silver Aluminium Case with Abyss Blue Sport Band - Regular",Rectangle,Silver,Silicon,Yes,Yes
112,112,1.4217986847613386,-0.17635849233466586,1.1556844228534042,0.6756790671417585,1.0009300372824443,0.03229291626441989,-1.9071671037976627,112,-0.09480770836683186,136,apple,Apple Watch SE,Rectangle,White,Silicon,Yes,Yes
113,113,1.5042996601537701,1.970120165373686,1.1556844228534042,0.6756790671417585,1.0009300372824443,0.10723269893455438,-1.0535651273923607,113,-2.103209203264189,137,apple,"Watch SE (GPS, 44mm) - Space Grey Aluminium Case with Midnight Sport Band",Rectangle,Grey,Silicon,Yes,Yes
114,114,1.1915854864345403,1.4850086237055014,1.1556844228534042,1.960763880453895,1.0009300372824443,0.10723269893455438,0.2032857410772,114,-1.6016109300009544,138,apple,"Watch Series 3 (GPS, 42mm) - Silver Aluminium Case with White Sport Band",Rectangle,White,Silicon,Yes,Yes
115,115,1.713042475163236,-0.17635849233466586,1.1556844228534042,0.36590536008260344,1.0009300372824443,0.03229291626441989,-1.9071671037976627,115,-0.09480770836683186,139,apple,"Watch Series7 (GPS, 41mm) - Midnight Aluminium Case with Midnight Sport Band",Rectangle,Black,Aluminium,Yes,Yes
116,116,1.9304188262189117,-0.17635849233466586,0.9323126689594028,0.09353503028491389,1.0009300372824443,0.17944678651823487,-1.0535651273923607,116,-0.09480770836683186,140,apple,Watch Series7 (GPS+Cellular-45mm)Green Aluminium Case-Clover Sport Band,Rectangle,Green,Aluminium,Yes,Yes
117,117,1.7727299566626935,-0.17635849233466586,1.1556844228534042,0.36590536008260344,1.0009300372824443,0.17944678651823487,-1.0535651273923607,117,-0.09480770836683186,141,apple,Watch Series7 (GPS-45mm) (PRODUCT)RED Aluminium Case-(PRODUCT)RED Sport Band,Rectangle,Red,Aluminium,Yes,Yes
118,118,1.7727299566626935,-0.17635849233466586,1.1556844228534042,0.36590536008260344,1.0009300372824443,0.17944678651823487,-1.0535651273923607,118,-0.09480770836683186,142,apple,"Watch Series7 (GPS, 45mm) - Blue Aluminium Case with Abyss Blue Sport Band",Rectangle,Blue,Aluminium,Yes,Yes
119,119,1.713042475163236,-0.17635849233466586,1.1556844228534042,0.36590536008260344,1.0009300372824443,0.03229291626441989,-1.9071671037976627,119,-0.09480770836683186,143,apple,"Watch Series7 (GPS, 41mm) - Blue Aluminium Case with Abyss Blue Sport Band",Rectangle,Blue,Aluminium,Yes,Yes
120,120,1.6921928135649849,-0.17635849233466586,0.9323126689594028,0.14563197780956366,1.0009300372824443,0.03229291626441989,-1.0535651273923607,120,-0.09480770836683186,144,apple,Watch Series 6 GPS,Rectangle,Black,Silicon,Yes,Yes
121,121,1.713042475163236,-0.17635849233466586,1.1556844228534042,0.36590536008260344,1.0009300372824443,0.03229291626441989,-1.9071671037976627,121,-0.09480770836683186,145,apple,"Watch Series7 (GPS, 41mm) - Starlight Aluminium Case with Starlight Sport Band",Rectangle,White,Aluminium,Yes,Yes
122,122,1.5043258954654326,-0.17635849233466586,1.1556844228534042,0.6756790671417585,1.0009300372824443,0.10723269893455438,-1.0535651273923607,122,-0.09480770836683186,146,apple,"Watch SE (GPS, 44mm) - Gold Aluminium Case with Starlight Sport Band - Regular",Rectangle,Gold,Silicon,Yes,Yes
123,123,2.202810935052566,-0.17635849233466586,0.9323126689594028,0.09353503028491389,1.0009300372824443,0.03229291626441989,-1.9071671037976627,123,-0.09480770836683186,147,apple,"Watch Series7(GPS+Cellular, 41mm)-Gold Stainless Steel Case-Gold Milanese Loop",Rectangle,Gold,Stainless Steel,Yes,Yes
124,124,-0.9128149167060243,-0.6130463054329827,0.2916530231755063,2.1918445915771656,1.0009300372824443,0.17944678651823487,0.2032857410772,124,-0.09530980873168379,148,noise,"ColorFit Icon 2 1.8 Display, Bluetooth Calling, AI Voice Assistance",Rectangle,Black,Silicon,Yes,Yes
125,125,-1.28464728920086,-1.2285232096363332,0.2916530231755063,1.5347593814657643,1.0009300372824443,0.10723269893455438,0.2032857410772,125,-0.7480402945908482,149,noise,"ColorFit Caliber Go with 1.69 inch HD Display, 40 Sports Modes, 150+ Watch Faces",Square,Black,Silicon,Yes,Yes
126,126,-1.0037573590379776,-0.889801826687706,0.2916530231755063,2.863878112231449,1.0009300372824443,0.10723269893455438,0.2032857410772,126,-0.4969901077379176,150,noise,"Icon Buzz BT Calling with 1.69"" display , AI Voice Assistance, Built-In Games",Rectangle,Black,Silicon,Yes,Yes
127,127,-1.1611290989263314,-0.889801826687706,-1.2007648489954106,-0.3303369123985774,-0.9081103978955791,0.17944678651823487,0.2032857410772,127,-0.34635999561730174,151,noise,"ColorFit Caliber 2 with 1.83'' display Up to 12 Day Battery, 60 sports mode",Rectangle,Green,Silicon,Yes,Yes
128,128,-1.105422360020416,-0.889801826687706,0.500296969120453,0.5676084555044753,1.0009300372824443,0.10723269893455438,0.2032857410772,128,-0.39657003299084037,152,noise,"Caliber Buzz Advanced BT Calling(True Sync), 1.69"" display, 500 NITS Brightness",Rectangle,Green,Silicon,Yes,Yes
129,129,-1.1611290989263314,-1.2285232096363332,0.2916530231755063,3.024252116060304,-0.9081103978955791,0.10723269893455438,0.2032857410772,129,-0.8484603692869624,153,noise,"ColorFit Caliber Smart Watch with 15-day battery, 1.69"" display, 60 Sports Modes",Square,White,Silicon,Yes,Yes
130,130,-0.31452155128297205,-0.37905284630748465,0.713850184381753,1.0946886592305842,1.0009300372824443,-0.12664537171522358,0.2032857410772,130,-0.5974101825039739,154,noise,"Evolve 3, 1.43"" AMOLED AOD, 466*466px, 500 nits, BT calling,Tru Sync Technology",Circle,Black,Silicon,Yes,Yes
131,131,-0.5628357335032798,-0.17635849233466586,0.500296969120453,1.0632168583263644,1.0009300372824443,0.17944678651823487,0.2032857410772,131,0.40679056513901785,155,noise,ColorFit Vision 2 Buzz,Square,Black,Silicon,Yes,Yes
132,132,-0.5628357335032798,-0.6130463054329827,0.500296969120453,1.1215171206281944,1.0009300372824443,0.10723269893455438,0.2032857410772,132,-0.5974101825468534,156,noise,"ColorFit Pro4 BT Calling 1.72"" TruView Display, Fully-functional digital crown",Rectangle,Black,Silicon,Yes,Yes
133,133,-0.7202074733916327,-0.37905284630748465,0.500296969120453,0.5160646430285717,1.0009300372824443,0.24912651695036003,0.2032857410772,133,0.15574037808961508,157,noise,"ColorFit Loop Advanced BT Calling with 1.85"" display,130+Sports Modes",Square,Grey,Silicon,Yes,Yes
134,134,-1.28464728920086,-0.889801826687706,0.08791834654691033,2.568010528381949,1.0009300372824443,-0.12664537171522358,0.2032857410772,134,-0.2459399208702248,158,noise,"Qube with 1.4"" Full Touch display, Multi-Sports modes, 7-day Battery,Spo2",Square,Black,Thermo Plastic Polyurethene,Yes,Yes
135,135,-0.5628357335032798,0.0024305987703706826,0.08791834654691033,1.4316900996387405,1.0009300372824443,-0.21115465993653615,0.2032857410772,135,0.9088909388712899,159,noise,"Fit Buzz with 1.32inch HD Round Screen, Bluetooth calling and SPO2",Circle,Black,Silicon,Yes,Yes
136,136,-0.35879560819823164,-0.6130463054329827,0.2916530231755063,0.7185842114827019,1.0009300372824443,0.17944678651823487,0.2032857410772,136,-0.9990904813580206,160,noise,"ColorFit Pro4 Max 1.8"" BT Calling, Noise detection, Noise Health Suite",Rectangle,Black,Silicon,Yes,Yes
137,137,-1.1611290989263314,-0.889801826687706,0.08791834654691033,2.59556666532575,1.0009300372824443,-0.21115465993653615,-1.9071671037976627,137,-0.34635999561730174,161,noise,ColorFit Pro 2,Rectangle,Black,Synthetic,Yes,Yes
138,138,-1.0037573590379776,-0.6130463054329827,0.2916530231755063,1.6337488531829352,1.0009300372824443,-0.045586420693394754,0.2032857410772,138,0.005110265971107894,162,noise,ColorFit Brio,Rectangle,Black,Thermo Plastic Polyurethene,Yes,Yes
139,139,-0.9128149167060243,-0.6130463054329827,0.08791834654691033,2.097262162728723,-1.5217305377742296,0.03229291626441989,-1.0535651273923607,139,-0.09530980873168379,163,noise,ColorFit Pro 3,Rectangle,Black,Thermo Plastic Polyurethene,Yes,Yes
140,140,-1.1611290989263314,-1.2285232096363332,-0.11090706076533316,0.7684475257232526,1.0009300372824443,-0.21115465993653615,0.2032857410772,140,-0.8484603692869624,164,noise,"Core 2 1.28"" Display , Noisefit sync app, 100+ watch faces & 50+ Sports Modes",Circle,Black,Silicon,Yes,Yes
141,141,-1.0037573590379776,-0.6130463054329827,0.08791834654691033,0.4611329057741274,1.0009300372824443,0.17944678651823487,0.2032857410772,141,0.005110265971107894,165,noise,"ColorFit Caliber 2 Buzz Advanced BT Calling, 1.85"" display,10 days battery",Square,Black,Silicon,Yes,Yes
142,142,-1.0037573590379776,-1.2285232096363332,0.2916530231755063,0.7157804523566076,1.0009300372824443,0.10723269893455438,0.2032857410772,142,-0.999090481431528,166,noise,X-Fit 2 (HRX Edition) Smart Watch with 1.69inch Display & 60 Sports Modes,Rectangle,Grey,Silicon,Yes,Yes
143,143,-1.0037573590379776,-0.17806715055755745,0.08791834654691033,2.4824779949909024,1.0009300372824443,0.10723269893455438,0.2032857410772,143,1.0047921099567663,167,boat,Storm call 1.69 inch HD display with bluetooth calling and 550 nits brightness,Rectangle,Blue,Silicon,Yes,Yes
144,144,-1.0530939223792886,-0.6153249440692979,-0.11090706076533316,2.3218094225685055,1.0009300372824443,0.10723269893455438,0.2032857410772,144,0.05080140001960342,168,boat,"Wave Neo with 1.69 inch , 2.5D Curved Display & Multiple Sports Modes",Rectangle,Black,Silicon,Yes,Yes
145,145,-0.7202074733916327,0.0009118864677468542,0.2916530231755063,0.3731484614237898,1.0009300372824443,0.24912651695036003,0.2032857410772,145,1.1554222220926456,169,boat,"Wave Infinity with 1.85"" HD Screen, Functional Crown and Bluetooth Calling",Rectangle,Black,Silicon,Yes,Yes
146,146,-0.4805682875214019,0.13169613407273945,0.08791834654691033,1.1277669700410191,1.0009300372824443,0.17944678651823487,0.2032857410772,146,1.159941125799134,170,boat,"Storm Pro Call with Bluetooth Calling, 1.78'' AMOLED Display and ASAP Charge",Rectangle,Red,Silicon,Yes,Yes
147,147,-1.1611290989263314,-0.6153249440692979,0.08791834654691033,1.8352188464006896,1.0009300372824443,0.03229291626441989,0.2032857410772,147,0.15122147465902996,171,boat,Wave beat 1.69Inch HD display with complete health monitoring,Rectangle,Red,Silicon,Yes,Yes
148,148,-0.7202074733916327,-0.6153249440692979,0.2916530231755063,1.7533364687271156,1.0009300372824443,0.10723269893455438,0.2032857410772,148,-0.35087889883886186,172,boat,"Wave Connect with Bluetooth Calling, Voice Assistant and 1.69"" HD Display",Rectangle,Grey,Silicon,Yes,Yes
149,149,-1.28464728920086,-0.3810057556439174,-0.3048231987612255,1.2780306208533818,1.0009300372824443,0.10723269893455438,0.2032857410772,149,0.7537419231588658,173,boat,Wave pro 1.69inch HD display withTemperature Sensor and live cricket updates,Rectangle,Purple,Silicon,Yes,Yes
150,150,-1.28464728920086,-0.6153249440692979,0.08791834654691033,3.61843859286873,1.0009300372824443,-0.21115465993653615,0.2032857410772,150,0.2516415495992149,174,boat,"Storm 1.3"" CurvedDisplay",Square,Blue,Thermo Plastic Polyurethene,Yes,Yes
151,151,-0.9128149167060243,0.0024305987703706826,-0.3048231987612255,0.7555828132291831,1.0009300372824443,0.17944678651823487,0.2032857410772,151,1.4109913123304703,175,boat,"Storm Pro with 1.78"" AMOLED Display, 700+ Active Modes",Rectangle,Black,Silicon,Yes,Yes
152,152,-0.7202074733916327,-0.17806715055755745,-0.11090706076533316,0.8739765685935481,1.0009300372824443,0.17944678651823487,0.2032857410772,152,0.6533218486996926,176,boat,Wave Arcade with 1.81 inch HD Display and Bluetooth Calling,Rectangle,Green,Silicon,Yes,Yes
153,153,-0.31452155128297205,-0.3810057556439174,0.2916530231755063,-0.25137315010727673,1.0009300372824443,0.17944678651823487,0.2032857410772,153,-0.6019290858652183,177,boat,"Wave Ultima with 1.8 inch Curve Arc HD Display, Bluetooth Calling with BT v5.3",Rectangle,Red,Silicon,Yes,Yes
154,154,-0.6223872666117061,-0.6153249440692979,-0.3048231987612255,0.29073358405308286,1.0009300372824443,0.03229291626441989,0.2032857410772,154,-0.5015090110987601,178,boat,"Wave Select with 1.69"" HD Display, upto 10 Days Battery, HR & SpO2 Monitoring",Square,Green,Silicon,Yes,Yes
155,155,-0.9128149167060243,-0.3810057556439174,-0.3048231987612255,1.0753581390149014,1.0009300372824443,-0.045586420693394754,0.2032857410772,155,0.40227166159902533,179,boat,"Watch Mercury 1.54"" TFTDisplay",Rectangle,Blue,Silicon,Yes,Yes
156,156,-0.31452155128297205,-0.17635849233466586,2.098264131592931,-0.14728065619363725,1.0009300372824443,0.10723269893455438,0.2032857410772,156,-0.09480770836683186,180,boat,"Wave Beat Call with BT Calling, 1.69 HD Display & 600+ Watch Face",Rectangle,Black,Silicon,Yes,Yes
157,157,-0.7921787153235892,-0.3810057556439174,-0.3048231987612255,1.2527419270173599,1.0009300372824443,0.10723269893455438,0.2032857410772,157,0.25164154960222745,181,boat,"Vertex 1.69"" HealthEcosystem",Square,Black,Silicon,Yes,Yes
158,158,-0.5628357335032798,-0.17806715055755745,-0.4938300674407658,1.044130586831215,1.0009300372824443,-0.21115465993653615,0.2032857410772,158,0.40227166174363055,182,boat,Xplorer,Square,Black,Silicon,Yes,Yes
159,159,0.3854368151225187,0.777839794817312,0.713850184381753,1.1803526498094903,-0.9081103978955791,-0.12664537171522358,-1.0535651273923607,159,0.9088909384096593,183,honor,Magic Watch 2 (46mm),Circle,Black,Fluoroelastomer,Yes,Yes
160,160,0.7028402503826878,1.1366668070606762,0.2916530231755063,-0.8699139356547472,-0.9081103978955791,-0.12664537171522358,-1.0535651273923607,160,0.9088909391494036,184,honor,Watch GS 3,Circle,Blue,Leather,Yes,Yes
161,161,0.7668069075487903,0.8758062249670016,0.713850184381753,1.1803526498094903,-0.9081103978955791,0.17944678651823487,-1.0535651273923607,161,-1.0995105561184535,185,honor,Magic Watch 2 (46 mm),Circle,Brown,Leather,Yes,Yes
162,162,0.983730180545571,1.2885887751975333,0.713850184381753,-0.03369743106505146,0.387309897403794,-0.12664537171522358,-1.0535651273923607,162,-0.5974101824959902,186,honor,Watch GS Pro,Circle,Blue,Nylon,Yes,Yes
163,163,-0.12191410796857957,0.3070392468082932,0.500296969120453,0.2594856443842533,1.0009300372824443,0.03229291626441989,-1.9071671037976627,163,0.9088909385259956,187,honor,Watch ES,Rectangle,Pink,Silicon,Yes,Yes
164,164,0.39002807526310057,1.054595316072038,0.500296969120453,0.15992271517015955,1.0009300372824443,-0.29942112725173126,0.2032857410772,164,2.391091242041803,188,honor,Magic SmartWatch,Circle,Brown,Leather,Yes,Yes
165,165,0.2837718141400803,0.9973656604664777,0.500296969120453,0.15992271517015955,1.0009300372824443,-0.29942112725173126,0.2032857410772,165,2.582893585067582,189,honor,Watch Magic,Circle,Black,Silicon,Yes,Yes
166,166,0.558646703436349,0.6731118709941828,0.713850184381753,1.1803526498094903,1.0009300372824443,0.10723269893455438,-1.9071671037976627,166,-0.5974101824837392,190,honor,Magic Watch 2 (42 mm),Circle,Black,Fluoroelastomer,Yes,Yes
167,167,1.3651002729718427,1.8300045121189794,0.500296969120453,-0.38164312917991094,-1.5217305377742296,-0.29942112725173126,-1.9071671037976627,167,-1.0995105562570133,192,samsung,Watch 5 40mmSuper AMOLED displayBluetooth calling & body composition tracking,Circle,Graphite,Rubber,Yes,Yes
168,168,1.5820235459686234,2.2666923252172935,0.500296969120453,-0.38164312917991094,-1.5217305377742296,-0.12664537171522358,-1.9071671037976627,168,-0.09530980798044111,193,samsung,Watch 5 44mmSuper AMOLED displayLTE calling & body composition tracking,Circle,Graphite,Rubber,Yes,Yes
169,169,1.506919252062146,2.1067600333737055,0.500296969120453,-0.38164312917991094,-1.5217305377742296,-0.29942112725173126,-1.9071671037976627,169,-0.5974101825172343,195,samsung,Watch 5 40mmSuper AMOLED display LTE calling & body composition tracking,Circle,Graphite,Rubber,Yes,Yes
170,170,1.7746309892830143,2.574746951624699,0.713850184381753,-0.8582552692496074,-1.5217305377742296,-0.12664537171522358,-1.0535651273923607,170,-0.09530980867784386,196,samsung,Watch 5 pro 45mmSuper AMOLED displayBluetooth callingwith advanced GPS tracking,Circle,Black,Rubber,Yes,Yes
171,171,1.5576583917414464,2.376471677395465,0.2916530231755063,-0.288398816181475,-1.5217305377742296,-0.12664537171522358,1.724585245413122,171,1.9140958869458886,197,samsung,Galaxy Watch4 Classic LTE (4.6cm),Circle,Silver,Fluoroelastomer,Yes,Yes
172,172,1.8655734316149684,2.7500900643602524,0.713850184381753,-0.8582552692496074,-1.5217305377742296,-0.12664537171522358,-1.0535651273923607,172,0.4067905649587486,198,samsung,Watch 5 pro45mmSuper AMOLED displayLTE callingwith advanced GPS tracking,Circle,Grey,Rubber,Yes,Yes
173,173,1.267280066191916,1.6700722202753888,0.08791834654691033,-0.8497756712671,-1.5217305377742296,1.3307741422881325,-1.9071671037976627,173,-1.0995105562111713,199,samsung,Galaxy Watch4 Bluetooth (4.0cm),Circle,Black,Fluoroelastomer,Yes,Yes
174,174,1.480358544986185,2.0639979712444747,-0.4938300674407658,-1.0387173981344544,-1.5217305377742296,-0.29942112725173126,-1.0535651273923607,174,-0.5974101825406067,200,samsung,Galaxy Watch4 Classic Bluetooth (4.2cm),Circle,Black,Fluoroelastomer,Yes,Yes
175,175,1.6619118605566325,-0.17635849233466586,0.500296969120453,0.08525465616060204,-1.5217305377742296,0.17944678651823487,-1.0535651273923607,175,-0.09480770836683186,202,samsung,Galaxy Watch 3 45 mm LTE,Circle,Black,Leather,Yes,Yes
176,176,1.480358544986185,2.2666923252172935,0.2916530231755063,-0.288398816181475,-1.5217305377742296,-0.29942112725173126,-1.0535651273923607,176,1.9130916857219171,204,samsung,Galaxy Watch4 Classic LTE (4.2cm),Circle,Black,Fluoroelastomer,Yes,Yes
177,177,1.3953895166070274,1.927970942268669,-0.4938300674407658,-1.243433648674511,-1.5217305377742296,-0.29942112725173126,-1.9071671037976627,177,-0.5974101824577707,205,samsung,Galaxy Watch4 LTE (4.0cm),Circle,Pink,Fluoroelastomer,Yes,Yes
178,178,0.934393617204261,1.6122586468214803,0.713850184381753,1.4560141468658236,-1.5217305377742296,0.10723269893455438,-1.9071671037976627,178,2.4106731560655805,209,samsung,Galaxy Watch Active 2 Aluminium,Circle,Beige,Silicon,Yes,Yes
179,179,1.3492649788897646,1.829498443496239,0.2916530231755063,-0.630312959527366,-1.5217305377742296,0.17944678651823487,1.724585245413122,179,-0.8489624696661442,210,samsung,Galaxy Watch 46 mm LTE,Circle,Black,Silicon,Yes,Yes
180,180,1.074284115764785,-0.17635849233466586,0.500296969120453,-0.9212797618355967,-1.5217305377742296,-0.39179445964763965,-1.9071671037976627,180,-0.09480770836683186,211,samsung,Galaxy Watch Active,Circle,Blue,Rubber,Yes,Yes
181,181,1.2495248654048878,1.7516642820386357,-0.677927666803954,-0.7099896414800952,-1.5217305377742296,0.10723269893455438,-1.0535651273923607,181,-0.09530980873555009,212,samsung,Galaxy Watch 42 mm LTE,Circle,Beige,Silicon,Yes,Yes
182,182,1.4527038716455285,2.041760507303299,0.08791834654691033,0.2057086908222647,0.387309897403794,-0.12664537171522358,-1.0535651273923607,182,-0.3463599951739472,213,samsung,Galaxy Watch Active 2 Steel LTE,Circle,Brown,Silicon,Yes,Yes
183,183,1.4243928207691425,1.8793371561711627,0.500296969120453,0.08525465616060204,-1.5217305377742296,0.03229291626441989,-1.0535651273923607,183,-1.6016109299703263,214,samsung,Galaxy Watch 3 41 mm LTE,Circle,Pink,Leather,Yes,Yes
184,184,0.6118978080507353,0.777839794817312,0.500296969120453,0.522578785423935,-1.5217305377742296,-0.21115465993653615,-1.0535651273923607,184,-0.4467800706863255,216,fitbit,Versa 2,Square,Black,Silicon,Yes,Yes
185,185,0.8263584406572173,-0.17635849233466586,1.38396544606376,-0.14728065619363725,1.0009300372824443,-0.4886755546121355,-1.9071671037976627,185,-0.09480770836683186,217,fitbit,Charge 5,Rectangle,Black,Silicon,Yes,Yes
186,186,0.8263584406572173,-0.17635849233466586,1.38396544606376,-1.3390566214208586,-1.5217305377742296,-0.21115465993653615,0.2032857410772,186,-0.09480770836683186,218,fitbit,fitbit charge 5 blue,Rectangle,Blue,Silicon,Yes,No
187,187,0.8263584406572173,-0.17635849233466586,1.38396544606376,-1.3227011188173632,-1.5217305377742296,-1.5030059346967508,0.2032857410772,187,-0.09480770836683186,219,fitbit,fitbit charge 5 black,Rectangle,Black,Silicon,Yes,No
188,188,1.0959861717198451,-0.17635849233466586,1.38396544606376,-0.7910770427578063,-1.5217305377742296,-1.5030059346967508,0.2032857410772,188,-0.09480770836683186,220,fitbit,Fitbit Versa 4 Fitness Watch (Pink Sand / Copper Rose Aluminium) 6Membership,Curved,Pink,Silicon,Yes,Yes
189,189,0.3854368151225187,-0.17635849233466586,1.38396544606376,-0.14728065619363725,1.0009300372824443,-0.931764688530876,0.2032857410772,189,-0.09480770836683186,221,fitbit,Inspire 3,Rectangle,Morning Glow,Silicon,Yes,Yes
190,190,0.3854368151225187,-0.17635849233466586,1.38396544606376,-0.14728065619363725,-1.5217305377742296,-1.5030059346967508,0.2032857410772,190,-0.09480770836683186,222,fitbit,FitbitInspire 3 Health & Fitness Tracker (Lilac Bliss / Black,Rectangle,Passion Pink,Rubber,Yes,No
191,191,0.9692230344983943,1.1366668070606762,0.500296969120453,-0.36611031639903724,0.387309897403794,3.7490716470227703,0.2032857410772,191,-1.4509808178218593,223,fitbit,Versa 3,Curved,Black,Rubber,Yes,Yes
192,192,1.0959861717198451,-0.17635849233466586,1.38396544606376,-0.7910770427578063,0.387309897403794,-0.045586420693394754,-1.0535651273923607,192,-0.09480770836683186,224,fitbit,Versa 4,Square,Beet Juice,Silicon,Yes,Yes
193,193,1.1167860907515348,1.426679642451636,0.2916530231755063,-0.30126931310423366,0.387309897403794,0.03229291626441989,-1.9071671037976627,193,-1.0995105562337457,225,fitbit,Sense,Curved,Black,Rubber,Yes,Yes
194,194,1.3175751580840271,-0.17635849233466586,0.08791834654691033,-0.4393335203372674,0.387309897403794,-0.21115465993653615,0.2032857410772,194,-0.09480770836683186,227,fitbit,Ionic,Square,Grey,Rubber,Yes,Yes
195,195,1.0746726228775236,-0.17635849233466586,0.2916530231755063,0.11073836087054971,-1.5217305377742296,-0.21115465993653615,0.2032857410772,195,-0.09480770836683186,228,fitbit,Blaze,Contemporary,Black,Rubber,Yes,Yes
196,196,1.2669692744923877,-0.17635849233466586,-0.3048231987612255,-0.6502347010233045,1.0009300372824443,-0.21115465993653615,0.2032857410772,196,-0.09480770836683186,229,fitbit,Surge,Square,Blue,Rubber,Yes,Yes
197,197,0.934393617204261,-0.17635849233466586,0.2916530231755063,-0.3888279218614087,-1.5217305377742296,-0.4886755546121355,-1.0535651273923607,197,-0.09480770836683186,230,fitbit,Versa Lite Edition,Square,Purple,Silicon,Yes,Yes
198,198,-0.31452155128297205,-0.17635849233466586,0.08791834654691033,-0.14728065619363725,-0.0575814147963505,0.03229291626441989,0.2032857410772,198,-0.09480770836683186,231,fitbit,,,,,,
199,199,1.0998092581230865,1.3243069600937976,0.08791834654691033,0.5758817174323747,-1.5217305377742296,-0.21115465993653615,-1.0535651273923607,199,-1.647302063932576,232,fitbit,Versa,Square,Black,Silicon,Yes,Yes
200,200,1.267280066191916,-0.17635849233466586,1.38396544606376,-0.14728065619363725,0.387309897403794,-0.045586420693394754,-1.0535651273923607,200,-0.09480770836683186,233,fitbit,Sense 2,Square,White Platinum,Silicon,Yes,Yes
201,201,0.8546611359557037,1.491283129170352,0.9323126689594028,-0.8469969873894577,0.387309897403794,0.03229291626441989,-1.0535651273923607,201,2.164141872780358,234,fitbit,Versa 2 Special Edition,Square,Multicolor,Fabric,Yes,Yes
202,202,1.0959861717198451,-0.17635849233466586,1.38396544606376,-0.14728065619363725,-1.5217305377742296,-1.5030059346967508,0.2032857410772,202,-0.09480770836683186,235,fitbit,Fitbit Versa 4 Fitness Watch (Black / Graphite Aluminium)6-Month Membership,Curved,Black,Rubber,Yes,Yes
203,203,1.0959861717198451,-0.17635849233466586,1.38396544606376,-0.14728065619363725,1.0009300372824443,-1.5030059346967508,0.2032857410772,203,-0.09480770836683186,236,fitbit,Fitbit Versa 4 Fitness Watch (Waterfall Blue / Platinum Aluminium) Membership,Curved,Blue,Rubber,Yes,Yes
204,204,-0.31452155128297205,-0.6130463054329827,0.2916530231755063,0.40894260759881507,1.0009300372824443,0.17944678651823487,1.724585245413122,204,-1.0995105563620224,237,amazfit,"Pop 2 with Ultra-large 1.78 inch HD AMOLED Display, BT Calling, SpO2",Square,Pink,Silicon,Yes,Yes
205,205,0.22806507523416503,0.9678315406055664,0.500296969120453,1.0524843102925843,-0.9081103978955791,-0.12664537171522358,-1.9071671037976627,205,2.6662422466808837,238,amazfit,GTR 2 (New version)1.39HD AMOLEDBluetooth callingupto 10 days battery life,Circle,Grey,Silicon,Yes,Yes
206,206,-0.21285655030053363,-0.6130463054329827,0.08791834654691033,-0.47158340177977665,-0.9081103978955791,0.10723269893455438,-1.9071671037976627,206,-1.350560743119002,239,amazfit,Bip 3 Pro with 1.69 inch Large Color Display Built-in GPS,Square,Beige,Silicon,Yes,Yes
207,207,0.47637925745447274,1.054595316072038,0.9323126689594028,0.6542073763337487,-0.2944902580169287,-0.21115465993653615,1.724585245413122,207,1.9130916864564396,240,amazfit,T rex Pro 1.3HD AMOLED with advanced GPS & 10ATM water resistance,Circle,Black,Silicon,Yes,Yes
208,208,0.934393617204261,1.491283129170352,0.500296969120453,-0.2833572933884571,-0.9081103978955791,-0.12664537171522358,-1.9071671037976627,208,1.4109913130771434,241,amazfit,GTR 4 1.43AMOLED display Bluetooth calling & 6 satellite GPS positioning system,Circle,Black,Silicon,Yes,Yes
209,209,-0.12191410796857957,-0.37905284630748465,0.08791834654691033,0.5987447649599399,1.0009300372824443,-0.12664537171522358,-1.9071671037976627,209,-1.0995105561158929,242,amazfit,Bip U pro 1.43 HD display GLONASS GPS & AI assistant,Rectangle,Pink,Silicon,Yes,Yes
210,210,0.7668069075487903,1.1366668070606762,0.08791834654691033,-0.49919175009868605,-0.9081103978955791,0.17944678651823487,-1.0535651273923607,210,0.4067905651836543,243,amazfit,"GTS 3 1,75 HD AMOLED with advanced GPS and 150+ sports modes",Square,Misty Rose,Silicon,Yes,Yes
211,211,0.7668069075487903,1.1366668070606762,0.08791834654691033,-0.10857566293629148,0.387309897403794,-0.12664537171522358,-1.0535651273923607,211,0.4067905651836543,244,amazfit,GTR 3 1.3 HD AMOLED with Always on Display and powerful Zepp OS,Circle,Grey,Silicon,Yes,Yes
212,212,1.0303985659622639,1.6127841829917822,0.2916530231755063,-0.7887425404046498,-0.9081103978955791,-0.12664537171522358,-1.0535651273923607,212,1.410991313024574,245,amazfit,GTR 3 Pro,Circle,Brown,Silicon,Yes,Yes
213,213,0.16851354212573796,0.16236289061396134,-0.677927666803954,-0.8789402700931779,-0.9081103978955791,0.03229291626441989,0.2032857410772,213,-0.5974101824744503,246,amazfit,"GTS2 Mini with 1.55"" AMOLED Display Built-in Alexa",Rectangle,Black,Silicon,Yes,Yes
214,214,0.3854368151225187,0.6731118709941828,0.500296969120453,-0.28148192556593604,0.387309897403794,-0.12664537171522358,-1.9071671037976627,214,0.40679056522216517,247,amazfit,GTR 2e,Circle,Black,Silicon,Yes,Yes
215,215,1.0746726228775236,1.491283129170352,0.500296969120453,-0.14728065619363725,-0.9081103978955791,0.17944678651823487,0.2032857410772,215,-0.09530980873926567,248,amazfit,GTS 4 Alexa Built-in Fitness Tracker Calling 1.75'' HD Display SpO2 Waterproof,Rectangle,White,Silicon,Yes,Yes
216,216,-0.5628357335032798,-0.6130463054329827,-0.4938300674407658,-1.211972960530494,1.0009300372824443,-0.12664537171522358,-1.9071671037976627,216,-0.5974101825468534,249,amazfit,Bip U,Square,Black,Silicon,Yes,Yes
217,217,0.1929492461047288,0.777839794817312,-0.11090706076533316,-1.3227011188173632,-1.5217305377742296,0.8876850083693919,0.2032857410772,217,1.812169511354552,250,amazfit,Bip Lite,Square,Black,Silicon,Yes,Yes
218,218,2.7542389568212617,-0.17635849233466586,1.38396544606376,0.720062871216245,0.387309897403794,-1.6757816902332587,0.2032857410772,218,-0.09480770836683186,251,garmin,"Fenix 7X Sapphire Solar, Up to 28 days/37 days with solar*, Built in Flashlight",Circle,Silver,Stainless Steel,Yes,Yes
219,219,0.9339365318567753,1.287938084545355,0.713850184381753,-0.8525779792161562,0.387309897403794,-0.21115465993653615,-1.0535651273923607,219,-0.09530980911815064,252,garmin,"Venu Sq, Smartwatch, Advanced Sleep Monitoring, Upto 6 Days of Battery, SPO2",Square,Grey,Silicon,Yes,Yes
220,220,1.6619118605566325,-0.17635849233466586,2.098264131592931,-1.3227011188173632,-0.9081103978955791,-0.21115465993653615,0.2032857410772,220,-0.09480770836683186,253,garmin,"Forerunner 255, GPS Running Smartwatch, Advanced Insights, HRV Status",Circle,Grey,Silicon,No,Yes
221,221,1.5196673456544691,-0.17635849233466586,1.38396544606376,-0.14728065619363725,0.387309897403794,-0.12664537171522358,-1.0535651273923607,221,-0.09480770836683186,254,garmin,"Venu Sq 2 Music, AMOLED, Mindful Breathing, Upto 11 Days Battery",Square,Black,Silicon,Yes,Yes
222,222,1.6619118605566325,2.3404281820390103,1.6171557385904647,-1.3227011188173632,0.387309897403794,5.137147102737256,0.2032857410772,222,-0.848460369439199,257,garmin,"Venu 2, GPS Smartwatch, AMOLED Display, Upto 11 Days Battery, SPO2 & Music",Circle,Blue,Silicon,Yes,Yes
223,223,2.368028877972461,3.563509139048096,1.38396544606376,-0.14728065619363725,-0.2944902580169287,-1.6757816902332587,0.2032857410772,223,0.15574037815739813,258,garmin,"Fenix 7 Solar Multisport Watch, PacePro Technology, ClimbPro, Stamina Tracking",Circle,Black,Silicon,Yes,Yes
224,224,2.124495077496418,-0.17635849233466586,1.38396544606376,-0.14728065619363725,-0.9081103978955791,-0.21115465993653615,1.724585245413122,224,-0.09480770836683186,259,garmin,"Forerunner 955 Solar charging upto 20 days, HRV & Stamina Status, Triathlon",Circle,White,Silicon,No,Yes
225,225,1.116416087943287,-0.17635849233466586,0.2916530231755063,-0.9466695382552089,1.0009300372824443,-0.4886755546121355,0.2032857410772,225,-0.09480770836683186,260,garmin,"Forerunner 55, GPS Smartwatch, upto 2 Weeks of Battery Life, PacePro Technology",Circle,Blue,Silicon,No,Yes
226,226,2.4551133284963087,-0.17635849233466586,1.38396544606376,0.720062871216245,0.387309897403794,-1.6757816902332587,0.2032857410772,226,-0.09480770836683186,261,garmin,"Epix Gen 2, Sapphire, Up to 16 days Battery, AMOLED Display, Real Time Stamina",Circle,Black,Silicon,Yes,Yes
227,227,1.865418049753348,2.6646861549517813,1.38396544606376,-0.14728065619363725,-0.9081103978955791,-0.21115465993653615,1.724585245413122,227,-1.0995105563144232,262,garmin,Approach S62,Circle,Black,Silicon,Yes,Yes
228,228,1.7744583410433559,2.6202472905886376,-0.11090706076533316,-1.3227011188173632,0.387309897403794,-0.5905270365490525,0.2032857410772,228,0.6578407525438573,263,garmin,"Instinct 2 Solar, Rugged Outdoor SmartWatch, Multi GNSS, Tracback Routing",Circle,Blue,Silicon,No,Yes
229,229,1.1949710019059852,1.903631916626152,0.08791834654691033,-1.1670686575832878,-0.9081103978955791,-0.5905270365490525,0.2032857410772,229,2.164141872461624,264,garmin,"Instinct Esports Edition, Broadcast stress level & HR to PC gaming streams*",Circle,Black,Silicon,No,Yes
230,230,1.5196673456544691,2.1479811068226953,1.1556844228534042,-1.3390566214208586,0.387309897403794,-0.5905270365490525,0.2032857410772,230,-0.3463599956565159,265,garmin,"Instinct 2, Battery Upto 28 days, Tracback Routing, Multi GNSS, Health Snapshot",Circle,Black,Silicon,No,Yes
231,231,1.6619118605566325,2.4451777953952547,1.38396544606376,-0.8029957034077696,1.0009300372824443,4.814438374241796,0.2032857410772,231,0.6578407529359975,266,garmin,"Venu 2S, GPS Smartwatch, AMOLED Display, Upto 11 Days Battery, SPO2 & Music",Circle,White,Silicon,Yes,Yes
232,232,1.3648227857360886,-0.17635849233466586,2.098264131592931,-1.3756356591274255,0.387309897403794,-0.12664537171522358,-1.0535651273923607,232,-0.09480770836683186,267,garmin,"Venu Sq 2, AMOLED, Mindful Breathing, Upto 11 Days of Battery",Square,Grey,Rubber,Yes,Yes
233,233,1.0956071424711573,-0.17635849233466586,2.098264131592931,-1.3756356591274255,-1.5217305377742296,4.033222492961867,0.2032857410772,233,-0.09480770836683186,268,garmin,Vivomove Sports,Circle,Brown,Silicon,No,Yes
234,234,2.368028877972461,3.497494330751744,1.38396544606376,0.720062871216245,0.387309897403794,-1.6757816902332587,0.2032857410772,234,-1.8526611167356408,269,garmin,"Epix Gen 2, Up to 16 days Battery, AMOLED Display, Real Time Stamina",Circle,Grey,Silicon,Yes,Yes
235,235,1.8120000746799725,-0.17635849233466586,0.9323126689594028,-1.2931438692651807,-1.5217305377742296,-0.21115465993653615,1.724585245413122,235,-0.09480770836683186,270,garmin,"Venu 2 Plus, AMOLED Display, Built in Speaker & MIC, Upto 9 Days Battery, SPO2",Circle,White,Silicon,Yes,Yes
236,236,1.7744583410433559,2.5111990649623253,-0.11090706076533316,-1.3227011188173632,0.387309897403794,-0.5905270365490525,0.2032857410772,236,-1.0995105561334662,271,garmin,"Instinct 2 Solar, Battery Up to 28 days/Unlimited with solar*, Tracback Routing",Circle,Black,Silicon,No,Yes
237,237,1.5196673456544691,2.2472524252202435,1.38396544606376,-0.8029957034077696,0.387309897403794,-0.6978866178810981,0.2032857410772,237,0.9088909389245129,273,garmin,"Instinct 2S, Battery Upto 21 days, Health Snapshot, SPO2, HIIT workout, VO2 Max",Circle,Red,Silicon,No,No
238,238,1.116416087943287,1.6122586468214803,-1.2007648489954106,-1.3074428680453707,0.387309897403794,-0.21115465993653615,0.2032857410772,238,0.40679056548134945,274,garmin,"Venu Sq Music, Smartwatch, Advanced Sleep Monitoring, Upto 6 Days Battery, SPO2",Square,Blue,Silicon,Yes,Yes
239,239,1.7744583410433559,2.6202472905886376,1.38396544606376,-0.14728065619363725,0.387309897403794,-0.6978866178810981,0.2032857410772,239,0.6578407525438573,276,garmin,"Instinct 2S Solar, Battery Upto 21 days/51 days with solar*, SPO2, HIIT workout",Circle,Green,Silicon,No,Yes
240,240,2.124495077496418,3.0719600563922342,1.38396544606376,0.720062871216245,-0.2944902580169287,-1.6757816902332587,0.2032857410772,240,-1.8526611168347553,278,garmin,"Fenix 7 Multisport GPS Watch, Upto 18 Days Battery, Climbpro, Stamina, HRV",Circle,Grey,Silicon,Yes,Yes
241,241,1.6619118605566325,2.4451777953952547,1.38396544606376,-0.8029957034077696,0.387309897403794,-0.5905270365490525,0.2032857410772,241,0.6578407529359975,279,garmin,"Instinct 2, Rugged Outdoor Watch with GPS, Built for All Elements, Multi-GNSS",Circle,Grey,Silicon,No,Yes
242,242,1.874008264871616,2.7771973292885637,1.38396544606376,-0.8029957034077696,0.387309897403794,-0.5905270365490525,0.2032857410772,242,0.6578407518197783,280,garmin,"Instinct 2 Solar, Tactical Rugged SmartWatch, Multi GNSS, Tracback Routing",Circle,Brown,Silicon,No,Yes
243,243,0.8258403923043899,1.287938084545355,0.9323126689594028,0.42305365556996205,-0.9081103978955791,0.17944678651823487,-1.0535651273923607,243,0.9088909392222583,283,huawei,Watch GT 2 (46 mm),Circle,Black,Fluoroelastomer,Yes,Yes
244,244,0.8815795183430034,1.287938084545355,0.713850184381753,-0.4111679689814368,-0.9081103978955791,0.17944678651823487,0.2032857410772,244,0.4067905650520538,284,huawei,Watch GT Active,Circle,Orange,Silicon,Yes,Yes
245,245,0.8258403923043899,1.2138443754078494,1.38396544606376,-0.14728065619363725,1.0009300372824443,0.10723269893455438,-1.9071671037976627,245,0.4067905646920482,285,huawei,Watch GT 2 (42 mm),Circle,Black,Fluoroelastomer,Yes,Yes
246,246,1.4246518060802698,-0.17635849233466586,-0.4938300674407658,-1.3390566214208586,0.387309897403794,-0.29942112725173126,0.2032857410772,246,-0.09480770836683186,286,huawei,Watch 2 Sport with 4G,Circle,Black,Silicon,Yes,Yes
247,247,1.3011336158057403,-0.17635849233466586,-0.3048231987612255,-1.1589662899380273,0.387309897403794,-0.29942112725173126,0.2032857410772,247,-0.09480770836683186,287,huawei,Watch 2 Leather,Circle,Black,Leather,Yes,Yes
248,248,0.16851354212573796,0.16236289061396134,-1.3652253710931925,-1.1670686575832878,0.387309897403794,-0.29942112725173126,0.2032857410772,248,-0.5974101824744503,288,huawei,Fit,Circle,Orange,Silicon,Yes,Yes
249,249,0.5579401967494907,1.287938084545355,0.9323126689594028,-0.6273410152176805,-0.9081103978955791,0.17944678651823487,1.724585245413122,249,2.9172924337952586,289,huawei,Watch GT Sport,Circle,Black,Silicon,Yes,Yes
250,250,0.6331033883055996,1.2138443754078494,0.500296969120453,0.01970799194658421,-0.9081103978955791,-0.12664537171522358,0.2032857410772,250,1.9130916867256658,292,huawei,Watch GT 2e Active,Circle,Green,Thermo Plastic Polyurethene,Yes,Yes
251,251,0.16740305754091278,0.7769287497845531,0.500296969120453,-0.779560594253737,1.0009300372824443,1.4086534792459473,-1.9071671037976627,251,1.91309168634407,293,huawei,Watch Fit,Rectangle,Pink,Silicon,Yes,Yes
252,252,1.2319004916310676,-0.17635849233466586,0.2916530231755063,-0.4618258309708536,0.387309897403794,-0.21115465993653615,0.2032857410772,252,-0.09480770836683186,294,fossil,Gen 6,Circle,Purple,Silicon,Yes,Yes
253,253,1.0071930903252657,-0.17635849233466586,-0.4938300674407658,-0.6763363592156654,1.0009300372824443,0.10723269893455438,0.2032857410772,253,-0.09480770836683186,295,fossil,Gen 5E,Circle,Black,Stainless Steel,Yes,Yes
254,254,0.8428868369173925,1.4264156276984106,-0.11090706076533316,-0.35483051021381734,0.387309897403794,-0.21115465993653615,0.2032857410772,254,1.7654741759189025,296,fossil,Garrett HR,Circle,Silver,Stainless Steel,Yes,Yes
255,255,0.983538347036326,-0.17635849233466586,-0.3048231987612255,-1.0093932182769707,0.387309897403794,-0.29942112725173126,0.2032857410772,255,-0.09480770836683186,297,fossil,Sport Smartwatch,Circle,Multicolor,Silicon,Yes,Yes
256,256,1.0746726228775236,1.358927947594998,-0.4938300674407658,-0.9784981626174267,1.0009300372824443,0.10723269893455438,0.2032857410772,256,-1.1015189577003999,298,fossil,Q Venture,Circle,Silver,Stainless Steel,Yes,Yes
257,257,0.4760339264351465,0.7774349534174313,-0.3048231987612255,-0.9621699282864132,1.0009300372824443,-0.39179445964763965,0.2032857410772,257,0.40679056505230454,299,fossil,Fb-01 Hybrid Smartwatch Hr,Circle,Black,Silicon,No,Yes
258,258,0.8261282353294638,1.4264156276984106,-0.11090706076533316,0.5767340718060473,0.387309897403794,-0.21115465993653615,0.2032857410772,258,1.913091686631271,300,fossil,The Carlyle HR,Circle,Grey,Stainless Steel,Yes,Yes
259,259,0.7157568416038668,1.358927947594998,-0.3048231987612255,-0.32615898860637177,1.0009300372824443,0.03229291626441989,0.2032857410772,259,2.314771985693086,301,fossil,4th Gen Venture HR,Circle,Gold,Stainless Steel,Yes,Yes
260,260,0.4760339264351465,1.0542579557373115,-0.11090706076533316,0.09707943705649663,-1.5217305377742296,-0.29942112725173126,0.2032857410772,260,1.9130916858838947,302,fossil,Sport 43,Circle,Blue,Silicon,Yes,Yes
261,261,0.7351602108374553,-0.17635849233466586,1.38396544606376,-0.14728065619363725,0.387309897403794,-0.21115465993653615,0.2032857410772,261,-0.09480770836683186,304,fossil,Jacqueline,Circle,Black,Stainless Steel,No,Yes
262,262,0.983538347036326,-0.17635849233466586,-0.11090706076533316,-0.2685789623625607,1.0009300372824443,-0.29942112725173126,0.2032857410772,262,-0.09480770836683186,305,fossil,Sport 41,Circle,Blue,Silicon,Yes,Yes
263,263,1.0302168300164842,-0.17635849233466586,-0.11090706076533316,-0.820419647060368,1.0009300372824443,5.737376725908314,0.2032857410772,263,-0.09480770836683186,306,fossil,Wander RG,Circle,Black,Silicon,Yes,Yes
264,264,1.0744999746378667,-0.17635849233466586,-1.6794186073397006,-1.108320199735355,1.0009300372824443,-0.12664537171522358,0.2032857410772,264,-0.09480770836683186,307,fossil,FTW4003 Smart Watch,Circle,Brown,Leather,Yes,Yes
265,265,1.0744999746378667,-0.17635849233466586,0.713850184381753,-0.917815032561286,1.0009300372824443,0.10723269893455438,0.2032857410772,265,-0.09480770836683186,308,fossil,Q Explorist,Circle,Black,Leather,Yes,Yes
266,266,0.6334632310886866,-0.17635849233466586,0.500296969120453,-1.3566596500915704,0.387309897403794,0.10723269893455438,0.2032857410772,266,-0.09480770836683186,309,fossil,Commuter,Circle,Black,Leather,No,Yes
267,267,0.8261282353294638,-0.17635849233466586,-0.3048231987612255,-1.0336203456158284,-1.5217305377742296,-0.29942112725173126,1.724585245413122,267,-0.09480770836683186,310,fossil,Charter Hybrid HR Smartwatch,Circle,Black,Leather,No,Yes
268,268,0.9084166116056304,-0.17635849233466586,0.08791834654691033,-0.7706176740164968,-1.5217305377742296,-0.39179445964763965,0.2032857410772,268,-0.09480770836683186,311,fossil,Collider Hybrid HR,Circle,Grey,Stainless Steel,No,Yes
269,269,0.9084166116056304,-0.17635849233466586,1.38396544606376,-0.14728065619363725,-0.9081103978955791,-0.39179445964763965,0.2032857410772,269,-0.09480770836683186,312,fossil,Neutra Hybrid HR,Circle,Silver,Stainless Steel,No,Yes
270,270,0.4760339264351465,0.9221481178373725,-0.4938300674407658,-0.7271072879775858,-1.5217305377742296,-0.39179445964763965,0.2032857410772,270,1.159941125625759,313,fossil,FB-01 Hybrid HR,Circle,Black,Stainless Steel,Yes,Yes
271,271,0.7665602566337556,-0.17635849233466586,-0.4938300674407658,-1.3566596500915704,1.0009300372824443,0.03229291626441989,0.2032857410772,271,-0.09480770836683186,314,fossil,FTW1140 Q Hybrid Watch,Circle,Blue,Stainless Steel,No,Yes
272,272,0.7351602108374553,-0.17635849233466586,0.713850184381753,-1.2549077400977982,0.387309897403794,-0.21115465993653615,0.2032857410772,272,-0.09480770836683186,315,fossil,Q Jacqueline,Circle,Silver,Stainless Steel,No,Yes
273,273,0.7351602108374553,-0.17635849233466586,1.38396544606376,-1.3756356591274255,0.387309897403794,-0.21115465993653615,0.2032857410772,273,-0.09480770836683186,316,fossil,Neely,Circle,Blue,Stainless Steel,No,Yes
274,274,-1.28464728920086,-0.7451254704933742,-0.11090706076533316,0.11468334719820984,-0.9081103978955791,0.17944678651823487,-1.0535651273923607,274,0.005110266123847085,318,dizo,"Watch D Sharp 1.75"" with High Res (320*390) Display (By realme techLife)",Rectangle,Grey,Silicon,Yes,Yes
275,275,-1.0037573590379776,-0.889801826687706,0.2916530231755063,1.6767252080212325,-0.9081103978955791,0.17944678651823487,1.724585245413122,275,-0.4969901077379176,319,dizo,Watch D 1.8 inch Dynamic display with 550nits brightness,Rectangle,Black,Silicon,Yes,Yes
276,276,-0.4805682875214019,-0.6130463054329827,-0.11090706076533316,1.5653315659218947,1.0009300372824443,-0.21115465993653615,-1.0535651273923607,276,-0.748040294601041,320,dizo,Watch R AMOLED with 45 mm Dial Size (by realme techLife),Circle,Black,Silicon,Yes,Yes
277,277,-0.9128149167060243,-0.6130463054329827,0.08791834654691033,-0.2922193602815736,1.0009300372824443,0.24912651695036003,-1.0535651273923607,277,-0.09530980873168379,321,dizo,"Watch D2 with 1.91 inch super big display ,BT Calling (by realme TechLife)",Rectangle,Black,Silicon,Yes,Yes
278,278,-1.0530939223792886,-1.2285232096363332,0.2916530231755063,2.395380618687055,-0.2944902580169287,0.10723269893455438,1.724585245413122,278,-0.9488804441838662,322,dizo,Watch 2,Rectangle,Pink,Silicon,Yes,Yes
279,279,-1.353736542240723,-1.431217563609152,0.2916530231755063,2.0361278718701343,1.0009300372824443,0.10723269893455438,-1.0535651273923607,279,-0.9488804440985089,323,dizo,"Watch 2 sports (by realme techlife) 1.69"" Bright screen with 110+ sports modes",Square,Blue,Silicon,Yes,Yes
280,280,-0.21285655030053363,-0.37905284630748465,0.2916530231755063,0.7490773630171778,1.0009300372824443,-0.21115465993653615,1.724585245413122,280,-0.8484603694856434,324,dizo,"Watch R Talk, Amoled Display with Calling & 10 days battery",Circle,Grey,Silicon,Yes,Yes
281,281,-0.4297798232973144,-0.6130463054329827,0.2916530231755063,0.16135292792123723,1.0009300372824443,0.17944678651823487,1.724585245413122,281,-0.8484603693038327,325,dizo,Watch D Talk 1.8 display with calling&7 day battery (by realme Techlife),Rectangle,Grey,Silicon,Yes,Yes
282,282,-0.9128149167060243,-1.2285232096363332,-0.3048231987612255,0.4592796910606754,1.0009300372824443,0.03229291626441989,-1.0535651273923607,282,-1.099510556127642,326,dizo,Watch S 1.57 Bright touch screen with rectangular display and 110+ sports modes,Rectangle,Pink,Silicon,Yes,Yes
283,283,-0.9128149167060243,-0.889801826687706,0.08791834654691033,-0.20245904002527138,-0.9081103978955791,0.24912651695036003,-1.0535651273923607,283,-0.5974101824849946,327,dizo,"Watch D Plus with 1.85inch,550nits display&14 day battery",Rectangle,Blue,Silicon,Yes,Yes
284,284,-0.6223872666117061,-1.2285232096363332,0.08791834654691033,0.8356439416142877,-0.9081103978955791,0.17944678651823487,-1.0535651273923607,284,-1.5011908551128876,328,dizo,Watch Pro,Square,Black,Silicon,Yes,Yes
285,285,-0.4805682875214019,-0.37905284630748465,-0.3048231987612255,-0.45990258119926325,1.0009300372824443,0.17944678651823487,-1.0535651273923607,285,-0.24593992072963633,329,dizo,WATCH D ULTRA 1.78 AMOLED WITH CALLING,Square,Blue,Silicon,Yes,Yes
286,286,-0.31452155128297205,-0.37905284630748465,0.08791834654691033,-0.23147840273161022,1.0009300372824443,-0.12664537171522358,-1.0535651273923607,286,-0.5974101825039739,330,dizo,"Watch R Talk Go, 1.39 inch, 550nits display, 10 day battery (by realme TechLife)",Circle,Blue,Silicon,Yes,Yes
287,287,-0.653778175835233,-0.6130463054329827,-1.3652253710931925,-0.600228534997601,1.0009300372824443,0.24912651695036003,-1.0535651273923607,287,-0.4467800704926655,331,dizo,"WATCH D PRO WITH CALLING,D1 CHIPSET,OS,1.85 INCH DISPLAY",Square,Grey,Silicon,Yes,Yes
288,288,0.03545763191977257,-0.37905284630748465,0.2916530231755063,-1.2324860135237314,1.0009300372824443,-0.21115465993653615,1.724585245413122,288,-1.6016109300792318,332,dizo,"R Talk, Amoled Display with Calling & 10 days battery",Circle,Black,Silicon,Yes,Yes
289,289,0.03545763191977257,-0.37905284630748465,0.2916530231755063,-1.2324860135237314,1.0009300372824443,-0.21115465993653615,1.724585245413122,289,-1.6016109300792318,333,dizo,R TALK SMARTWATCH Amoled Display with Calling10 Days Battery(SilverGrey)FreeSize,Circle,Grey,Silicon,Yes,Yes
290,290,-0.31452155128297205,-0.6130463054329827,0.2916530231755063,1.799030608027907,1.0009300372824443,0.17944678651823487,1.724585245413122,290,-1.0995105563620224,334,dizo,D TALK SMART WATCH (SILVER GREY),Rectangle,Grey,Silicon,Yes,Yes
291,291,-0.31452155128297205,-0.6130463054329827,0.2916530231755063,1.799030608027907,1.0009300372824443,0.17944678651823487,1.724585245413122,291,-1.0995105563620224,335,dizo,"D Talk DW 32051 Smart Watch with Up to 7 Day Battery Life, Classic Black",Rectangle,Black,Silicon,Yes,Yes
292,292,-0.7202074733916327,-1.2285232096363332,-0.8571159968507912,-0.9143879447625938,1.0009300372824443,0.10723269893455438,0.2032857410772,292,-1.3505607431691116,336,dizo,Watch 2 Sports i,Square,Black,Plastic,Yes,Yes
293,293,-1.353736542240723,-1.0497341185312967,1.38396544606376,-0.14728065619363725,1.0009300372824443,0.17944678651823487,-1.0535651273923607,293,-0.44678007039254675,337,gizmore,GizFit CLOUD 1.85 IPS Large Display | AI Voice Assistant | Bluetooth Calling,Square,Blue,Silicon,Yes,Yes
294,294,-1.0037573590379776,-0.6130463054329827,0.2916530231755063,0.6107765483347045,-1.5217305377742296,-1.6757816902332587,-1.0535651273923607,294,0.005110265971107894,338,gizmore,"GizFit Ultra BT Calling Smartwatch With 1.69"" HD Display| 60+ Sports Mode",Square,Grey,Silicon,Yes,Yes
295,295,-1.28464728920086,-0.7451254704933742,-0.4938300674407658,0.40996327786753145,-1.5217305377742296,-1.6757816902332587,-1.0535651273923607,295,0.005110266123847085,339,gizmore,GizFit BLAZE BT Calling Smartwatch | 1.69 Inch IPS Curved 500 NITS Display,Square,Black,Silicon,Yes,Yes
296,296,-0.6223872666117061,0.0024305987703706826,-0.11090706076533316,0.20874525034511085,-1.5217305377742296,-0.12664537171522358,1.724585245413122,296,1.009311013472758,340,gizmore,GizFit GLOW AMOLED with 3.4 Cm | ALWAYS-ON | 550 NITS Brightness | BT Calling,Circle,Black,Silicon,Yes,Yes
297,297,-0.9128149167060243,-0.6130463054329827,-0.11090706076533316,-0.010302638837002265,-0.9081103978955791,0.24912651695036003,0.2032857410772,297,-0.09530980873168379,341,gizmore,"Blaze Max 1.85"" BT Calling Edge to Edge Display, Voice Assistance, Bluetooth",Square,Grey,Silicon,Yes,Yes
298,298,-0.4297798232973144,0.0024305987703706826,-0.677927666803954,-0.3511374020151285,-1.5217305377742296,-0.21115465993653615,0.2032857410772,298,0.6578407519157796,342,gizmore,GizFit GLOW LUXE AMOLED with 3.35 Cm Display | 500 NITS| Bluetooth Calling,Circle,Black,Leather,Yes,Yes
299,299,-0.9128149167060243,-0.37905284630748465,-0.4938300674407658,-0.10479767816242819,1.0009300372824443,0.24912651695036003,-1.0535651273923607,299,0.4067905650712846,343,gizmore,GizFit PLASMA Bluetooth Calling Smartwatch | 1.9 Inch HD Display | 550 NITS,Square,Blue,Silicon,Yes,Yes
300,300,-0.7554431768176707,-0.7451254704933742,2.098264131592931,-1.3756356591274255,-1.5217305377742296,0.24912651695036003,-1.9071671037976627,300,-0.5472001451299332,344,gizmore,GIZFIT BLAZE X 1.85 Inch Ultra HD Display | 600 NITS | BT Calling Smartwatch,Square,Burgundy,Silicon,Yes,Yes
301,301,-0.6223872666117061,-0.37905284630748465,0.500296969120453,-1.3074428680453707,-1.5217305377742296,-0.21115465993653615,0.2032857410772,301,0.0051102659006132,345,gizmore,GizFit ORBIT BT Calling with 1.32 Inch Ultra Sharp HD Display|500 NITS|ALWAYS-ON,Circle,Burgundy,Silicon,Yes,Yes
302,302,-0.8305474707241473,-0.6130463054329827,-1.0313950575812767,-1.2669681672073931,-1.5217305377742296,0.10723269893455438,0.2032857410772,302,-0.1957298834344757,346,gizmore,Gizfit 910 Pro Bluetooth Calling with AI Voice Assistance,Square,Black,Silicon,Yes,Yes
303,303,-0.9128149167060243,-0.6130463054329827,-1.0313950575812767,-1.0954442860610991,-1.5217305377742296,0.03229291626441989,-1.9071671037976627,303,-0.09530980873168379,347,gizmore,Gizfit Slate BT Calling | 1.57 Inch display | AI voice Assistance,Rectangle,Black,Silicon,Yes,Yes
304,304,-1.0037573590379776,-1.6652110227346502,-0.4938300674407658,-0.24159618439446626,1.0009300372824443,-0.4886755546121355,0.2032857410772,304,-1.5011908551927216,348,gizmore,GizFit 902,Square,Black,Silicon,Yes,Yes
305,305,-1.1611290989263314,-0.37905284630748465,1.38396544606376,-0.14728065619363725,1.0009300372824443,0.24912651695036003,-1.0535651273923607,305,0.6578407517015337,349,gizmore,Vogue 1.95 Edge to Edge Larger IPS HD Display Bluetooth Calling,Square,Grey,Silicon,Yes,Yes
306,306,0.16851354212573796,-0.17635849233466586,1.38396544606376,-0.14728065619363725,1.0009300372824443,0.24912651695036003,-1.0535651273923607,306,-0.09480770836683186,350,gizmore,GizFIt Vogue 1.95 Always On 600 NITS HD Display Bluetooth Calling,Square,Orange,Silicon,Yes,Yes
307,307,-0.6223872666117061,-0.37905284630748465,1.38396544606376,-0.14728065619363725,-1.5217305377742296,-0.21115465993653615,0.2032857410772,307,0.0051102659006132,351,gizmore,GizFit ORBIT BT Calling with 3.3 Cm | ALWAYS-ON | 500 NITS Brightness,Circle,Black,Silicon,Yes,Yes
308,308,-1.28464728920086,-0.889801826687706,0.2916530231755063,2.0089766500806094,1.0009300372824443,0.10723269893455438,0.2032857410772,308,-0.2459399208702248,352,ambrane,Wise-Eon 1.69Lucid Display bluetooth calling function & 7 days battery life,Square,Grey,Silicon,Yes,Yes
309,309,-1.105422360020416,-0.6130463054329827,0.2916530231755063,1.4833474936163369,1.0009300372824443,-0.21115465993653615,0.2032857410772,309,0.10553034067389981,353,ambrane,"Wise-roam 1.28"" Full HD display,bluetooth calling and complete health tracking",Circle,Grey,Silicon,Yes,Yes
310,310,-1.0037573590379776,-0.6130463054329827,0.2916530231755063,-0.3676376685811507,1.0009300372824443,0.3164437622035174,0.2032857410772,310,0.005110265971107894,354,ambrane,"Wise Eon Max with 2.01'' Lucid display, BT Calling, with customisable watch face",Square,Black,Silicon,Yes,Yes
311,311,-1.1611290989263314,-0.8013523732913707,0.2916530231755063,0.8981614506026613,1.0009300372824443,0.24912651695036003,0.2032857410772,311,-0.1957298833845669,355,ambrane,"Wise Eon Pro1.85"" lucid display with BT calling",Square,Red,Silicon,Yes,Yes
312,312,-0.7202074733916327,-0.6130463054329827,0.500296969120453,0.8476183568282424,1.0009300372824443,0.17944678651823487,0.2032857410772,312,-0.34635999548866336,356,ambrane,"Wise Glaze with 1.78"" Amoled display, BT Calling,SPO2 , Heart Rate Monitor",Square,Grey,Silicon,Yes,Yes
313,313,-1.0037573590379776,-1.3063840104912832,0.2916530231755063,0.8628644965238678,1.0009300372824443,0.10723269893455438,0.2032857410772,313,-1.0995105561872915,357,ambrane,Flex 1.69inch Lucid display and SPO2,Square,Pink,Silicon,Yes,Yes
314,314,-0.7921787153235892,-1.2285232096363332,0.08791834654691033,0.30324995230615837,1.0009300372824443,-0.21115465993653615,0.2032857410772,314,-1.2501406682722078,358,ambrane,Surge 1.28 Curved Display with complete Health Tracking,Circle,Black,Silicon,Yes,Yes
315,315,-0.9128149167060243,-0.6130463054329827,-0.3048231987612255,-0.03801463338656146,1.0009300372824443,-0.21115465993653615,-1.0535651273923607,315,-0.09530980873168379,359,ambrane,Pulse,Rectangle,Black,Synthetic,Yes,Yes
316,316,-1.1611290989263314,-1.3063840104912832,0.2916530231755063,0.1658546320772192,1.0009300372824443,0.10723269893455438,0.2032857410772,316,-0.9488804440903249,360,ambrane,Flex,Square,Green,Silicon,Yes,Yes
317,317,-0.6223872666117061,-0.2743249224843554,0.713850184381753,1.1021560977965932,1.0009300372824443,0.24912651695036003,1.724585245413122,317,0.25616045301789997,361,pebble,"Cosmos Ultra 1.91"" 600 nits BT-Calling High-Res Curved Display, Ultra-Thin Dial",Rectangle,Black,Silicon,Yes,Yes
318,318,-0.2724080834089607,0.08450208975900875,0.2916530231755063,0.8515981260949799,1.0009300372824443,-1.6757816902332587,0.2032857410772,318,0.5574206771935569,362,pebble,"Cosmos luxe 1.36"" AMOLED Always-on Display Bluetooth calling(Midnight Gold)",Circle,Charcoal,Silicon,Yes,Yes
319,319,-0.2724080834089607,0.16236289061396134,0.2916530231755063,-0.30520753643838433,1.0009300372824443,-0.12664537171522358,-1.0535651273923607,319,0.8084708639944703,363,pebble,"Cosmos Luxe 2.0 1.43"" AMOLED Display with BT Calling and Responsive Watch Faces",Circle,Midnight,Silicon,Yes,Yes
320,320,-0.9128149167060243,-0.889801826687706,-0.11090706076533316,0.550224903791591,-1.5217305377742296,4.180376363215684,-1.0535651273923607,320,-0.5974101824849946,364,pebble,"Frost 1.87'' BT Calling with 2.5D Curved HD Display, AI Voice Assisst",Rectangle,Blue,Silicon,Yes,Yes
321,321,-0.2724080834089607,0.08450208975900875,0.2916530231755063,0.8515981260949799,1.0009300372824443,-1.6757816902332587,0.2032857410772,321,0.5574206771935569,365,pebble,"Cosmos luxe 1.36"" AMOLED Always-on Display Bluetooth calling",Circle,Green,Silicon,Yes,Yes
322,322,-0.9128149167060243,-0.889801826687706,-0.11090706076533316,0.550224903791591,-1.5217305377742296,4.180376363215684,-1.0535651273923607,322,-0.5974101824849946,366,pebble,"Frost 1.87 BT Calling with 2.5D Curved HD Display, AI Voice Assisst",Rectangle,Orange Alpine,Silicon,Yes,Yes
323,323,-0.4297798232973144,-0.6130463054329827,1.38396544606376,-0.14728065619363725,1.0009300372824443,-0.21115465993653615,0.2032857410772,323,-0.8484603693038327,367,pebble,Zen Pro Unisex SPO2 Grey,Circle,Grey,Silicon,Yes,Yes
324,324,-0.1753221641010446,-0.2743249224843554,0.08791834654691033,-1.1670686575832878,-0.9081103978955791,-0.21115465993653615,0.2032857410772,324,-0.6978302574054468,368,pebble,Revo Bluetooth Calling Smartwatch for Men Black,Circle,Brown,Leather,Yes,Yes
325,325,-0.31452155128297205,0.16236289061396134,-0.3048231987612255,-0.22376823114769098,1.0009300372824443,0.38155348242809983,-1.0535651273923607,325,0.9088909387422504,369,pebble,"Cosmos Grande 2.1 Largest Display, BT Calling, Wireless Charging,GPS Trajectory",Rectangle,Blue,Silicon,Yes,Yes
326,326,-0.31452155128297205,-0.4915452516115526,-1.2007648489954106,-1.0140810720827833,1.0009300372824443,0.03229291626441989,0.2032857410772,326,-0.8484603694005375,370,pebble,Aspire Unisex 2.5D Curved Screen Smartwatch with Female Cycle Tracker Rose Gold,Rectangle,Pink,Silicon,Yes,Yes
327,327,-0.12346918672804066,-0.37905284630748465,0.08791834654691033,0.2022154365407774,-0.9081103978955791,-1.6757816902332587,1.724585245413122,327,-1.094991652701024,371,pebble,Cosmos,Square,Maroon,Silicon,Yes,Yes
328,328,-1.1611290989263314,-1.0497341185312967,-0.4938300674407658,0.04125407337985454,0.387309897403794,0.24912651695036003,1.724585245413122,328,-0.5974101825722092,372,pebble,"Spark Ace 1.85 Large HD Display, Health Suite, 100+ Watch Faces, 7 days battery",Rectangle,Blue,Silicon,Yes,Yes
329,329,-0.12346918672804066,-0.37905284630748465,2.098264131592931,-1.3756356591274255,-0.9081103978955791,-1.5030059346967508,1.724585245413122,329,-1.094991652701024,373,pebble,"Pebble Cosmos, Bluetooth Calling smartwatch Multi Sports Modes",Square,Blue,Rubber,Yes,Yes
330,330,-0.31452155128297205,-0.17635849233466586,-0.3048231987612255,0.37016903606686286,1.0009300372824443,-1.6757816902332587,0.2032857410772,330,-0.09530980878766819,374,pebble,Cosmos Pro 1.7inch HD LCD display with Bluetooth calling function,Square,Black,Silicon,Yes,Yes
331,331,-0.31452155128297205,-0.2743249224843554,0.08791834654691033,-0.8281726795498991,1.0009300372824443,-0.39179445964763965,0.2032857410772,331,-0.34635999555162683,375,pebble,Venus,Circle,Black,Silicon,Yes,Yes
332,332,-0.31452155128297205,-0.17635849233466586,-0.3048231987612255,0.37016903606686286,1.0009300372824443,-1.6757816902332587,0.2032857410772,332,-0.09530980878766819,376,pebble,Cosmos Pro 1.7inch HD display with Bluetooth calling function,Square,"Pink, Gold",Silicon,Yes,Yes
333,333,-0.7202074733916327,-1.0497341185312967,-1.0313950575812767,-0.06980586836018549,-0.0575814147963505,0.10723269893455438,-1.0535651273923607,333,-1.099510556278523,377,pebble,"Spark 1.7 inch Bluetooth Calling, HD Display with SPO2, HR Monitor",Rectangle,Deep Wine,Silicon,Yes,Yes
334,334,-0.5628357335032798,-0.7451254704933742,-0.4938300674407658,-1.3390566214208586,-0.9081103978955791,-1.6757816902332587,0.2032857410772,334,-0.848460369349775,378,pebble,"Pace Pro Smartwatch with 1.7"" HD Curved Display Golden Ivory",Square,Gold,Silicon,Yes,Yes
335,335,-0.21285655030053363,-0.2743249224843554,-1.6794186073397006,-1.2669681672073931,-0.9081103978955791,-0.21115465993653615,0.2032857410772,335,-0.5974101826438591,379,pebble,Revo Bluetooth Calling Smartwatch for Men Tan Leather,Circle,Black,Silicon,Yes,Yes
336,336,-0.5429268308151957,-0.889801826687706,-0.11090706076533316,0.05122258191725229,1.0009300372824443,-0.12664537171522358,-1.0535651273923607,336,-1.134657582482257,380,pebble,Pace Unisex Smart Watch with Full Touch Dynamic Colour Display (Black,Rectangle,Black,Silicon,Yes,Yes
337,337,-1.1611290989263314,-1.5205346665403154,-0.4938300674407658,-0.14728065619363725,-0.9081103978955791,-1.6757816902332587,0.2032857410772,337,-1.199930630982721,381,pebble,"Prism 1.7""Display With Fitness & Outdoor Activity Black",Square,Black,Silicon,Yes,Yes
338,338,-0.4805682875214019,-0.889801826687706,-0.4938300674407658,-0.14728065619363725,-0.9081103978955791,-1.6757816902332587,0.2032857410772,338,-1.2501406683409957,382,pebble,"prism ultra 1.69"" HD Display With Bluetooth Calling Green",Square,Sea Green,Silicon,Yes,Yes
339,339,-0.7202074733916327,-1.5205346665403154,-0.4938300674407658,-0.14728065619363725,-0.9081103978955791,-1.6757816902332587,0.2032857410772,339,-1.7020310046728169,383,pebble,"Prism 1.7""Display With Fitness & Outdoor Activity Blue",Square,Blue,Silicon,Yes,Yes
340,340,-0.12346918672804066,-0.37905284630748465,0.08791834654691033,0.2022154365407774,-1.5217305377742296,-1.6757816902332587,0.2032857410772,340,-1.094991652701024,384,pebble,COSMOS,Square,Rose Gold,Silicon,Yes,Yes
341,341,-0.5628357335032798,-0.7451254704933742,-0.4938300674407658,-0.14728065619363725,-0.9081103978955791,-1.6757816902332587,0.2032857410772,341,-0.848460369349775,385,pebble,"Pace Pro Smartwatch with 1.7"" HD Curved Display Golden Black",Square,Black,Silicon,Yes,Yes
342,342,-0.31452155128297205,-0.7451254704933742,0.08791834654691033,-1.2023256925715542,1.0009300372824443,-1.6757816902332587,0.2032857410772,342,-1.3505607431415463,386,pebble,Prism Max Bluetooth Calling Large Display,Rectangle,Black,Silicon,Yes,Yes
343,343,-0.5628357335032798,-0.889801826687706,-0.11090706076533316,0.05122258191725229,1.0009300372824443,-0.12664537171522358,-1.0535651273923607,343,-1.0995105562203797,387,pebble,Pace Unisex Smart Watch with Full Touch Dynamic Colour Display (Blue,Rectangle,Blue,Silicon,Yes,Yes
344,344,-0.12346918672804066,-0.37905284630748465,0.08791834654691033,-0.14728065619363725,-0.9081103978955791,-1.6757816902332587,1.724585245413122,344,-1.094991652701024,388,pebble,"Pebble Cosmos, Bluetooth Calling smartwatch 24 Hour Health Tracking (Burgundy)",Square,Maroon,Silicon,Yes,Yes
345,345,-0.08955577455805036,-0.2743249224843554,0.08791834654691033,-0.14728065619363725,-0.0575814147963505,0.03229291626441989,0.2032857410772,345,-0.9443615408378352,389,pebble,Venus Bluetooth Calling Smartwatch with Fitness Tracker for Women-Midnight Gold,Circle,Black,Silicon,Yes,Yes
346,346,-0.8305474707241473,-0.889801826687706,-0.3048231987612255,-0.536963642863647,1.0009300372824443,1.0312898722116135,-1.0535651273923607,346,-0.6978302572320715,390,zebronics,Zeb-Fit Me,Square,Green,Thermo Plastic Polyurethene,Yes,Yes
347,347,-0.4297798232973144,-0.7451254704933742,-0.3048231987612255,-1.1511093564656447,1.0009300372824443,1.4464768810990254,1.724585245413122,347,-1.0995105561076082,391,zebronics,SPECIAL EDITION Zeb-Fit380CH BLUETOOTH CALLING,Square,Black,Silicon,Yes,Yes
348,348,-0.5628357335032798,-0.17635849233466586,-1.0313950575812767,-1.1511093564656447,-1.5217305377742296,2.2390682790161662,0.2032857410772,348,0.40679056513901785,392,zebronics,Zeb-Fit7220CH,Rectangle,Black,Silicon,Yes,Yes
349,349,-0.7554431768176707,-0.17635849233466586,-0.3048231987612255,0.03819154105209117,1.0009300372824443,1.0312898722116135,1.724585245413122,349,0.708050789093399,393,zebronics,Zeb-Fit4220CH,Circle,Silver,Silicon,Yes,Yes
350,350,-0.9128149167060243,-1.2285232096363332,-0.3048231987612255,-1.1511093564656447,0.387309897403794,0.10723269893455438,0.2032857410772,350,-1.099510556127642,394,zebronics,ZEB FIT8220CH,Square,Rose Gold,Silicon,Yes,Yes
351,351,-0.21285655030053363,-0.2743249224843554,-0.677927666803954,-1.3756356591274255,1.0009300372824443,0.10723269893455438,0.2032857410772,351,-0.5974101826438591,395,zebronics,Zeb Fit 7220 CH,Rectangle,Black,Silicon,Yes,Yes
352,352,-0.8305474707241473,-0.889801826687706,-0.3048231987612255,-1.1511093564656447,0.387309897403794,-0.21115465993653615,0.2032857410772,352,-0.6978302572320715,396,zebronics,ZEB-FITME,Square,Black,Silicon,Yes,Yes
353,353,-0.5628357335032798,-0.6130463054329827,-0.8571159968507912,-0.9702244536380024,1.0009300372824443,-1.5030059346967508,0.2032857410772,353,-0.5974101825468534,397,zebronics,"ZEB-FIT5220CH 7-Day Data Storage, 8 Sports Mode, SpO2, BP & HR Monitor, (Metal)",Square,Black,Stainless Steel,Yes,Yes
354,354,-0.039646661986703274,-0.2743249224843554,-0.3048231987612255,-1.1511093564656447,1.0009300372824443,0.17944678651823487,0.2032857410772,354,-1.0995105560752727,398,zebronics,UNBEATABLE ZEB-FIT480CH,Square,Black,Silicon,Yes,Yes
355,355,-0.4297798232973144,-1.2285232096363332,-0.3048231987612255,-0.14728065619363725,1.0009300372824443,-0.045586420693394754,0.2032857410772,355,-1.8526611168504712,399,zebronics,Zeb-Fit1220CH,Square,Gold,Silicon,Yes,Yes
356,356,-0.6223872666117061,-0.7451254704933742,-0.3048231987612255,-1.1511093564656447,1.0009300372824443,0.10723269893455438,0.2032857410772,356,-0.7480402947018626,400,zebronics,ZEB FIT380CH,Square,Black,Rubber,Yes,Yes
357,357,-1.0037573590379776,-1.2285232096363332,0.2916530231755063,0.17031545517596877,1.0009300372824443,1.4464768810990254,-1.0535651273923607,357,-0.999090481431528,401,zebronics,ZEB-FIT8220CH,Square,Rose Gold,Silicon,Yes,Yes
358,358,-0.4297798232973144,-0.17635849233466586,-3.7928590480291073,-1.4165513337766582,1.0009300372824443,-0.21115465993653615,1.724585245413122,358,0.1557403781756745,402,zebronics,Zeb Fit 4220 CH,Circle,Black,Silicon,Yes,Yes
359,359,-1.2206806320347583,-1.0497341185312967,-0.11090706076533316,-0.3555730694828502,1.0009300372824443,1.1215630790191702,-1.0535651273923607,359,-0.5472001451789883,403,zebronics,ZEB-FIT920CH,Square,Red,Thermo Plastic Polyurethene,Yes,Yes
360,360,-0.4297798232973144,-0.6130463054329827,-0.3048231987612255,-0.14728065619363725,1.0009300372824443,1.4464768810990254,1.724585245413122,360,-0.8484603693038327,404,zebronics,SPECIAL EDITION Zeb-Fit380CH METALLIC STRAP,Square,Silver,Stainless Steel,Yes,Yes
361,361,-0.5345330382047934,-0.17635849233466586,-2.739820779671668,-1.3756356591274255,1.0009300372824443,-1.6757816902332587,0.2032857410772,361,0.3565805277463492,405,zebronics,FIT7220CH,Curved,Silver,Aluminium,Yes,Yes
362,362,-0.9579980362343191,-2.3585487277929507,-1.3652253710931925,-1.3566596500915704,1.0009300372824443,0.5056981895639214,0.2032857410772,362,-2.102707102941106,406,zebronics,Fitness band,Rectangle,Grey,Silicon,Yes,Yes
363,363,-0.5773428795504549,-1.154462042354426,-1.6794186073397006,-1.2669681672073931,-0.0575814147963505,0.7328792266860886,0.2032857410772,363,-1.4760858364597593,407,zebronics,LEATHER fit-650,Oval,Black,Leather,Yes,Yes
364,364,-0.44219953212084456,-1.154462042354426,-1.9739747663208027,-1.1930388977011148,-1.5217305377742296,0.5649762798739324,0.2032857410772,364,-1.7271360233944824,408,zebronics,ZEB-FIT650,Circle,Black,Silicon,Yes,Yes
365,365,-1.1611290989263314,-1.6652110227346502,-1.6794186073397006,-1.1360689243870745,1.0009300372824443,0.7328792266860886,1.724585245413122,365,-1.350560743143404,409,zebronics,Smart Time 200,Circle,Black,Rubber,Yes,Yes
366,366,-0.5628357335032798,-0.6130463054329827,-0.11090706076533316,-0.14728065619363725,0.387309897403794,0.10723269893455438,0.2032857410772,366,-0.5974101825468534,410,zebronics,FIT380CH,Rectangle,Silver,Stainless Steel,Yes,Yes
367,367,-0.7202074733916327,-0.6130463054329827,-2.5041758524867865,-0.14728065619363725,1.0009300372824443,-0.045586420693394754,0.2032857410772,367,-0.34635999548866336,411,fire-boltt,NINJA 2 MAX,Square,Black,Silicon,Yes,Yes
368,368,-0.7554431768176707,0.4391184118686848,-2.5041758524867865,0.720062871216245,1.0009300372824443,0.17944678651823487,0.2032857410772,368,2.716452284070439,412,fire-boltt,DAZZLE PLUS,Square,Black,Silicon,Yes,Yes
369,369,-0.3301998710122629,0.16236289061396134,-2.5041758524867865,-0.14728065619363725,1.0009300372824443,0.17944678651823487,0.2032857410772,369,0.9450421657920255,413,fire-boltt,RING 3,Square,Black,Silicon,Yes,Yes
370,370,-0.3301998710122629,0.16236289061396134,-2.5041758524867865,-0.14728065619363725,1.0009300372824443,0.17944678651823487,0.2032857410772,370,0.9450421657920255,414,fire-boltt,RING 3,Square,Gold,Silicon,Yes,Yes
371,371,-0.7921787153235892,-0.6130463054329827,-2.5041758524867865,-1.1360689243870745,1.0009300372824443,0.03229291626441989,0.2032857410772,371,-0.2459399207858719,415,fire-boltt,NINJA PRO MAX,Square,Blue,Silicon,Yes,Yes
372,372,-0.7921787153235892,-0.6130463054329827,-2.5041758524867865,-0.630312959527366,1.0009300372824443,0.03229291626441989,0.2032857410772,372,-0.2459399207858719,416,fire-boltt,NINJA PRO MAX,Square,Black,Silicon,Yes,Yes
373,373,0.10454688495963554,0.5606194656901148,-2.5041758524867865,-0.14728065619363725,1.0009300372824443,-0.21115465993653615,0.2032857410772,373,1.1599411256327883,417,fire-boltt,BSW019,Circle,Black,Silicon,Yes,Yes
374,374,-0.4805682875214019,0.16236289061396134,-2.5041758524867865,-1.3390566214208586,1.0009300372824443,0.10723269893455438,0.2032857410772,374,1.2603612003594808,419,fire-boltt,RING 2,Square,Grey,Silicon,Yes,Yes
375,375,-0.653778175835233,-0.889801826687706,-2.5041758524867865,-1.0771929345195248,1.0009300372824443,-0.21115465993653615,0.2032857410772,375,-0.948880444099764,420,fire-boltt,NINJA PRO,Square,Black,Silicon,Yes,Yes
376,376,-0.6223872666117061,-0.17635849233466586,0.2916530231755063,-1.3390566214208586,1.0009300372824443,-1.6757816902332587,0.2032857410772,376,0.5072106399243552,421,fire-boltt,ninja calling,Square,Black,Rubber,Yes,Yes
377,377,-0.44219953212084456,0.16236289061396134,-0.4938300674407658,-0.8728949172155476,1.0009300372824443,-1.6757816902332587,1.724585245413122,377,1.185046144549671,422,fire-boltt,ring,Square,Black,Rubber,Yes,Yes
378,378,-0.4297798232973144,0.16236289061396134,1.6171557385904647,-1.3566596500915704,-0.9081103978955791,-1.6757816902332587,0.2032857410772,378,1.1599411256117007,423,fire-boltt,beast pro,Square,Silver,Rubber,Yes,Yes
379,379,-0.31452155128297205,0.16236289061396134,-1.6794186073397006,-1.2931438692651807,1.0009300372824443,-1.6757816902332587,0.2032857410772,379,0.9088909387422504,424,fire-boltt,ring,Rectangle,Black,Silicon,Yes,Yes
380,380,-0.31452155128297205,0.16236289061396134,-0.677927666803954,-0.14728065619363725,1.0009300372824443,-1.6757816902332587,0.2032857410772,380,0.9088909387422504,425,fire-boltt,bsw360,Circle,Blue,Rubber,Yes,Yes
381,381,-0.4054639936149261,-0.6130463054329827,2.098264131592931,-1.3756356591274255,1.0009300372824443,-0.12664537171522358,0.2032857410772,381,-0.8986704066552287,426,fire-boltt,bsw001,Rectangle,Black,Silicon,Yes,Yes
382,382,-0.35879560819823164,0.16236289061396134,-0.677927666803954,-0.14728065619363725,-1.5217305377742296,-1.6757816902332587,0.2032857410772,382,1.0093110134900303,427,fire-boltt,beast pro,Square,Black,Rubber,Yes,Yes
383,383,-0.4297798232973144,0.16236289061396134,-0.677927666803954,-0.14728065619363725,-0.9081103978955791,-1.6757816902332587,0.2032857410772,383,1.1599411256117007,428,fire-boltt,beast pro,Rectangle,Pink,Rubber,Yes,Yes
384,384,-0.4297798232973144,0.16236289061396134,-0.677927666803954,-0.14728065619363725,-0.9081103978955791,-1.6757816902332587,0.2032857410772,384,1.1599411256117007,429,fire-boltt,beast pro,Square,Blue,Rubber,Yes,Yes
385,385,-0.02409390118865296,0.16236289061396134,-2.5041758524867865,-0.14728065619363725,1.0009300372824443,0.10723269893455438,0.2032857410772,385,0.10553034076000992,430,fire-boltt,bsw005,Square,White,Silicon,Yes,Yes
386,386,-0.31452155128297205,0.16236289061396134,-0.677927666803954,-1.3756356591274255,1.0009300372824443,0.10723269893455438,0.2032857410772,386,0.9088909387422504,431,fire-boltt,bsw016,Square,Pink,Silicon,Yes,Yes
387,387,-0.38181443557603434,0.4391184118686848,-2.5041758524867865,-0.14728065619363725,-0.9081103978955791,0.17944678651823487,0.2032857410772,387,2.063721798591717,432,fire-boltt,starcross,Square,Black,Silicon,Yes,Yes
388,388,-0.3363747405750631,0.4391184118686848,-2.5041758524867865,-0.14728065619363725,1.0009300372824443,0.17944678651823487,0.2032857410772,388,1.963301723670963,433,fire-boltt,starcross,Square,Green,Silicon,Yes,Yes
389,389,-0.7925540816575298,-0.6130463054329827,-0.8571159968507912,-1.3390566214208586,1.0009300372824443,-1.6757816902332587,0.2032857410772,389,-0.24543782055995073,434,fire-boltt,ninja 2 max,Square,Black,Rubber,Yes,Yes
390,390,-0.4805682875214019,0.4391184118686848,-2.5041758524867865,-0.14728065619363725,-1.5217305377742296,0.17944678651823487,0.2032857410772,390,2.2645619478307535,435,fire-boltt,wonder,Square,Black,Silicon,Yes,Yes
391,391,-0.9128149167060243,-0.6130463054329827,-0.677927666803954,-0.14728065619363725,1.0009300372824443,-1.6757816902332587,0.2032857410772,391,-0.09530980873168379,436,fire-boltt,"SpO2 Full Touch 1.4 inch Smart Watch with Blood Oxygen, Fitness (Black)",Square,Black,Rubber,Yes,Yes
392,392,-0.4054639936149261,0.16236289061396134,-0.677927666803954,-0.14728065619363725,1.0009300372824443,-1.6757816902332587,0.2032857410772,392,1.1097310882378104,437,fire-boltt,ring,Square,Blue,Rubber,Yes,Yes
393,393,-0.4054639936149261,0.16236289061396134,-0.677927666803954,-0.14728065619363725,1.0009300372824443,-1.6757816902332587,0.2032857410772,393,1.1097310882378104,438,fire-boltt,ring,Square,Red,Rubber,Yes,Yes
394,394,0.03531376078496298,0.16236289061396134,-2.5041758524867865,-0.14728065619363725,1.0009300372824443,-0.21115465993653615,0.2032857410772,394,-0.09480770836683186,439,fire-boltt,tamish,Rectangle,Blue,Silicon,Yes,Yes
395,395,-0.02409390118865296,0.16236289061396134,-2.5041758524867865,-0.14728065619363725,1.0009300372824443,-0.21115465993653615,0.2032857410772,395,0.10553034076000992,440,fire-boltt,bsw017,Square,Blue,Silicon,Yes,Yes
396,396,-0.5920980229765214,-0.889801826687706,-2.5041758524867865,-0.14728065619363725,1.0009300372824443,-0.21115465993653615,0.2032857410772,396,-1.0493005188468414,441,fire-boltt,bsw011,Square,Grey,Silicon,Yes,Yes
397,397,-0.31452155128297205,0.16236289061396134,-0.677927666803954,-1.3227011188173632,1.0009300372824443,0.10723269893455438,0.2032857410772,397,0.9088909387422504,442,fire-boltt,ring,Square,White,Rubber,Yes,Yes
398,398,-0.19388534990053682,-0.17635849233466586,-2.5041758524867865,-0.14728065619363725,1.0009300372824443,0.10723269893455438,0.2032857410772,398,-0.39657003314367956,443,fire-boltt,bsw002,Square,Black,Silicon,Yes,Yes
399,399,0.16851354212573796,0.8758062249670016,-2.3789894849198174,-0.14728065619363725,-0.9081103978955791,-0.12664537171522358,0.2032857410772,399,2.415192059582677,444,fire-boltt,bsw020,Circle,Brown,Silicon,Yes,Yes
400,400,0.03545763191977257,0.0024305987703706826,-2.5041758524867865,-0.14728065619363725,1.0009300372824443,-0.21115465993653615,0.2032857410772,400,-0.5974101824099305,445,fire-boltt,bsw003,Circle,Grey,Silicon,Yes,Yes
401,401,-0.38158118199501984,0.16236289061396134,0.08791834654691033,-0.14728065619363725,-0.9081103978955791,-1.6757816902332587,0.2032857410772,401,1.0590189504952023,446,fire-boltt,beast pro,Square,Black,Silicon,Yes,Yes
402,402,0.03545763191977257,0.0024305987703706826,-2.5041758524867865,-0.14728065619363725,1.0009300372824443,-0.21115465993653615,0.2032857410772,402,-0.5974101824099305,447,fire-boltt,bsw003,Circle,Gold,Silicon,Yes,Yes
403,403,-0.5068593008375407,-0.17635849233466586,0.08791834654691033,-0.14728065619363725,1.0009300372824443,-1.6757816902332587,0.2032857410772,403,0.30586838968656416,448,fire-boltt,call 2,Square,Blue,Silicon,Yes,Yes
404,404,-0.5625480631552432,-0.17635849233466586,0.08791834654691033,-0.14728065619363725,1.0009300372824443,-1.6757816902332587,0.2032857410772,404,0.40628846447190103,449,fire-boltt,call 2,Square,Black,Silicon,Yes,Yes
